theta_deg,discriminant
0,1.4565635405432
0.5,1.4564324967677
1,1.4560394053584
1.5,1.4553843860548
2,1.4544676383822
2.5,1.4532894415907
3,1.4518501545704
3.5,1.4501502157422
4,1.4481901429239
4.5,1.4459705331727
5,1.4434920626031
5.5,1.4407554861814
6,1.4377616374952
6.5,1.4345114284999
7,1.4310058492405
7.5,1.4272459675505
8,1.4232329287263
8.5,1.4189679551783
9,1.4144523460589
9.5,1.4096874768663
10,1.4046747990258
10.5,1.3994158394476
11,1.3939122000619
11.5,1.3881655573304
12,1.3821776617362
12.5,1.3759503372503
13,1.3694854807761
13.5,1.3627850615714
14,1.3558511206489
14.5,1.3486857701542
15,1.3412911927224
15.5,1.3336696408135
16,1.3258234360259
16.5,1.3177549683897
17,1.3094666956383
17.5,1.3009611424598
18,1.2922408997282
18.5,1.2833086237138
19,1.2741670352745
19.5,1.2648189190266
20,1.2552671224969
20.5,1.2455145552552
21,1.2355641880279
21.5,1.2254190517933
22,1.2150822368582
22.5,1.2045568919164
23,1.1938462230902
23.5,1.1829534929528
24,1.1718820195355
24.5,1.1606351753162
25,1.1492163861928
25.5,1.137629130439
26,1.125876937645
26.5,1.1139633876428
27,1.1018921094151
27.5,1.08966677999
28,1.0772911233215
28.5,1.0647689091544
29,1.0521039518764
29.5,1.0393001093563
30,1.0263612817684
30.5,1.0132914104051
31,1.0000944764757
31.5,0.98677449989412
32,0.97333553805434
32.5,0.95978168459428
33,0.946117068149
33.5,0.93234585109305
34,0.91847222827254
34.5,0.90450042572739
35,0.890434699404
35.5,0.87627933385886
36,0.86203864095344
36.5,0.84771695854076
37,0.83331864914401
37.5,0.81884809862772
38,0.80430971486176
38.5,0.78970792637865
39,0.77504718102462
39.5,0.76033194460473
40,0.74556669952253
40.5,0.73075594341472
41,0.71590418778108
41.5,0.70101595661025
42,0.68609578500167
42.5,0.67114821778414
43,0.65617780813144
43.5,0.64118911617537
44,0.62618670761671
44.5,0.61117515233442
45,0.59615902299367
45.5,0.58114289365292
46,0.56613133837064
46.5,0.55112892981197
47,0.53614023785591
47.5,0.52116982820321
48,0.50622226098568
48.5,0.49130208937709
49,0.47641385820626
49.5,0.46156210257262
50,0.44675134646481
50.5,0.43198610138262
51,0.41727086496272
51.5,0.40261011960869
52,0.38800833112558
52.5,0.37346994735962
53,0.35899939684333
53.5,0.34460108744659
54,0.33027940503391
54.5,0.31603871212849
55,0.30188334658335
55.5,0.28781762025995
56,0.2738458177148
56.5,0.25997219489429
57,0.24620097783834
57.5,0.23253636139307
58,0.218982507933
58.5,0.20554354609322
59,0.19222356951168
59.5,0.17902663558228
60,0.16595676421893
60.5,0.15301793663107
61,0.14021409411093
61.5,0.12754913683295
62,0.11502692266583
62.5,0.1026512659973
63,0.090425936572268
63.5,0.078354658344505
64,0.066441108342298
64.5,0.054688915548387
65,0.043101659794542
65.5,0.031682870671115
66,0.020436026451888
66.5,0.0093645530345619
67,-0.0015281771028091
67.5,-0.012238845929105
68,-0.022764190870844
68.5,-0.033101005805996
69,-0.043246142040597
69.5,-0.053196509267872
70,-0.062949076509572
70.5,-0.072500873039239
71,-0.081848989287121
71.5,-0.090990577726451
72,-0.099922853740834
72.5,-0.10864309647247
73,-0.11714864965094
73.5,-0.12543692240236
74,-0.13350539003855
74.5,-0.14135159482612
75,-0.14897314673507
75.5,-0.15636772416687
76,-0.16353307466159
76.5,-0.17046701558406
77,-0.17716743478871
77.5,-0.18363229126293
78,-0.18985961574883
78.5,-0.19584751134303
79,-0.20159415407453
79.5,-0.20709779346029
80,-0.21235675303843
80.5,-0.21736943087893
81,-0.22213430007155
81.5,-0.22664990919098
82,-0.23091488273893
82.5,-0.23492792156316
83,-0.23868780325315
83.5,-0.24219338251252
84,-0.24544359150788
84.5,-0.24843744019407
85,-0.25117401661578
85.5,-0.25365248718533
86,-0.25587209693657
86.5,-0.25783216975487
87,-0.25953210858306
87.5,-0.26097139560331
88,-0.26214959239484
88.5,-0.2630663400675
89,-0.26372135937107
89.5,-0.26411445078032
90,-0.26424549455581
