delta_rho,minus_theta,fold_asymptotic
3.8007958025332e-07,555.66945316441,556.16706371643
4.2190813465126e-07,527.38044232586,527.87802814312
4.6833899891574e-07,500.53087437739,501.02843427114
5.1987838434187e-07,475.04750573712,475.54503850702
5.7708815259794e-07,450.86081970893,451.35832377765
6.4059192661503e-07,427.90483685102,428.40231079042
7.1108187649216e-07,406.11693498556,406.61437701959
7.8932624414385e-07,385.43767836988,385.93508689418
8.7617769839454e-07,365.81065556216,366.30802890522
9.7258260534083e-07,347.18232553416,347.67966157587
1.0795913079065e-06,329.50187161502,329.99916849228
1.198369543598e-06,312.72106286873,313.21831849434
1.3302111045999e-06,296.79412252228,297.29133464548
1.4765518860926e-06,281.67760309022,282.17476944107
1.638985477781e-06,267.33026785508,267.82738590034
1.8192804527306e-06,253.71297837291,254.21004562367
2.0193995615703e-06,240.7885877117,241.28560141258
2.2415210119142e-06,228.52183911188,229.01879648075
2.4880620896894e-06,216.87926981348,217.37616782958
2.7617053508511e-06,205.82911976823,206.32595526288
3.0654276828024e-06,195.34124500376,195.83801462976
3.4025325370557e-06,185.38703539022,185.883735646
3.7766856855193e-06,175.93933659645,176.43596377567
4.1919548732228e-06,166.97237601282,167.46892626187
4.6528538091284e-06,158.4616924479,158.95816165075
5.164390937118e-06,150.38406939747,150.88045325744
5.7321235391594e-06,142.71747171371,143.21376569428
6.3622177206568e-06,135.44098549382,135.93718483152
7.0615149350139e-06,128.53476102884,129.03086069378
7.8376057375262e-06,121.97995865484,122.47595336368
8.6989115670733e-06,115.7586973599,116.25458155222
9.6547754113718e-06,109.85400600568,110.3497738242
1.0715562314134e-05,104.24977703168,104.7454223197
1.1892770795496e-05,98.930722514628,99.426238786491
1.3199156342791e-05,93.88233246417,94.377712901373
1.4648868288614e-05,89.09083524062,89.586072667097
1.6257601495928e-05,84.543159986676,85.038246857056
1.8042764453829e-05,80.226900971176,80.72182934447
2.0023665524116e-05,76.130283746743,76.625045271349
2.222171929267e-05,72.242133029895,72.736718923284
2.4660675163712e-05,68.551842215479,69.046243244058
2.7366870574363e-05,65.049344442437,65.54355089385
3.0369511431871e-05,61.725085131782,62.219086794891
3.370098267963e-05,58.569995922147,59.0637820633
3.7397192176103e-05,55.575469931638,56.069029269012
4.1497951411174e-05,52.733338278528,53.226658953177
4.6047396931259e-05,50.035847796704,50.52891734783
5.1094456781309e-05,47.47563988515,47.968445219014
5.6693366658811e-05,45.045730433677,45.538257795201
6.2904241007633e-05,42.739490770256,43.231725710969
6.9793704767562e-05,40.550629577842,41.042556923708
7.7435592101827e-05,38.473175731398,38.964779548731
8.5911719040821e-05,36.501462008349,36.992725569124
9.5312737688813e-05,34.630109627949,35.121015373736
0.00010573908039513,32.854013577416,33.344543081565
0.00011730200311422,31.168328684787,31.658462613793
0.00013012473809892,29.568456400484,30.058174473941
0.00014434376705141,28.050032251543,28.539313200694
0.00016011022693263,26.608913934256,27.097735459378
0.00017759146180674,25.241170012715,25.729508739347
0.00019697273537012,23.943069192454,24.430900626398
0.00021845912019702,22.711070139897,23.198368620951
0.00024227758122297,21.541811819787,22.028550474687
0.00026867927262941,20.432104324307,20.918255018412
0.00029794206902234,19.378920168772,19.864453456807
0.00033037335368502,18.379386030157,18.864271106444
0.00036631308874946,17.430774905938,17.914979553663
0.00040613719426341,16.530498671785,17.013989211882
0.00045026126550529,15.676101017801,16.15884225748
0.00049914466038703,14.865250744034,15.347205925026
0.0005532949914242,14.095735396892,14.576866143872
0.00061327305961134,13.365455229143,13.845721498416
0.00067969827050995,12.672417466934,13.151777495688
0.0007532545760125,12.014730868196,12.493141124663
0.00083469698855931,11.390600557542,11.868015692421
0.00092485871804704,10.798323123537,11.274695923037
0.0010246589852505,10.236281964937,10.711563305883
0.0011351115693019,9.7029428731583,10.177081680615
0.0012573341505548,9.1968498388985,9.6697930468427
0.001392558514038,8.7166210714217,9.1883135870188
0.0015421416825814,8.2609452196273,8.7313298916935
0.0017075780525395,7.8285777845406,8.2975953768781
0.0018905126088222,7.4183377134205,7.8859268837004
0.0020927552995318,7.029104166144,7.4952014511113
0.0023162966538897,6.6598134450252,7.1243532528063
0.0025633247301251,6.3094560796603,6.7723706900468
0.0028362434825937,5.9770740588217,6.4382936324083
0.0031376926393121,5.661758201831,6.1212107989631
0.003470569182338,5.3626456622278,5.8202572727279
0.0038380505236641,5.0789175569153,5.5346121416123
0.0042436194684494,4.80979671432,5.2634962594248
0.0046910910551834,4.554545535435,5.0061701208244
0.0051846413585275,4.3124639619368,4.7619318444244
0.0057288383348404,4.0828875458715,4.5301152585415
0.0063286747824602,3.8651856156996,4.3100880843624
0.0069896034783168,3.658759533768,4.1012502115726
0.007717574539102,3.4630410405483,3.9030320617313
0.0085190750385389,3.2774906812373,3.7148930349301
0.0094011708920381,3.1015963105663,3.5363200354807
0.010371550995578,2.9348716719022,3.3668260726115
0.011438573576866,2.7768550469576,3.2059489323357
0.01261131468306,2.627107972646,3.0532499168635
0.013899618690405,2.4852140218343,2.9083126481016
0.015314150676642,2.3507776449537,2.7707419319635
0.016866450446707,2.2234230696251,2.6401626803733
0.018568987946024,2.1027932556551,2.5162188880036
0.020435219733377,1.9885489029372,2.3985726609364
0.022479646117322,1.880367509977,2.2869032945728
0.024717868486499,1.777942480929,2.1809063982519
0.027166646285782,1.6809822791977,2.0802930641647
0.029843953007868,1.5892096258111,1.9847890782689
0.032769030484985,1.5023607409211,1.8941341710226
0.035962440679602,1.4201846269238,1.8080813058662
0.039446114088701,1.3424423918202,1.7263960034821
0.043243393796057,1.2689066115499,1.6488556999644
0.047379074134516,1.1993607301344,1.5752491371232
0.051879432859511,1.1335984965512,1.5053757832423
0.056772255690684,1.0714234373251,1.4390452826971
0.062086852055733,1.0126483638718,1.376076932927
0.067854060875307,0.95709491364904,1.3162991873415
