delta_rho,half_width_deg,half_width_asymptotic_deg,transverse_imag,transverse_imag_asymptotic,Theta,gamma
9.5055568749558e-08,1.53627315979119,1.53667429662162,24.0398858782473,24.0410316328664,-1111.62750958757,1793.02381818483
1.03392115757828e-07,1.56888474915205,1.56931198500966,23.5398694606946,23.5410394665825,-1065.84981275903,1719.22928964724
1.12459714429747e-07,1.6021875617786,1.60264259033238,23.0502550755543,23.0514498974044,-1021.9567886999,1648.47288881326
1.22322462603464e-07,1.63619618055139,1.6366808078961,22.5708263671574,22.5720465446055,-979.870845291283,1580.62953569173
1.33050077177899e-07,1.67092549158029,1.67144164458515,22.101371480874,22.1026175183414,-939.517584897968,1515.57929985881
1.44718383943143e-07,1.70639069023348,1.70694041759029,21.6416829693318,21.6429554270245,-900.82567283715,1453.20718842695
1.57409856482715e-07,1.74260728724752,1.74319277253298,21.1915577008569,21.1928571277933,-863.726711285749,1393.40294278111
1.7121419526589e-07,1.7795911149503,1.78021468045301,20.7507967696565,20.7521237635746,-828.155118365112,1336.06084366095
1.86228964915713e-07,1.81735833357923,1.81802245579197,20.3192054079467,20.3205605391711,-794.048012210224,1281.07952427814
2.0256027810639e-07,1.85592543769726,1.85663275050199,19.8965928999419,19.897976788627,-761.345099814207,1228.36179113153
2.203235498488e-07,1.89530926272342,1.89606257440162,19.4827724974845,19.4841857401,-729.988570437442,1177.81445218059
2.39644307953313e-07,1.93552699155515,1.93632929222109,19.0775613375434,19.07900454892,-699.922993414227,1129.34815210776
2.60659078765713e-07,1.97659616128833,1.97745063172951,18.6807803614566,18.682254202312,-671.095220168483,1082.87721436581
2.83516356613944e-07,2.01853467004233,2.01944470294589,18.2922542358028,18.2937593292858,-643.454290259571,1038.31948972194
3.08377642088686e-07,2.06136078389354,2.06232998752804,17.9118112748479,17.913348299209,-616.951341291334,995.596211029263
3.35418590236003e-07,2.10509314388853,2.10612536318823,17.539283364783,17.5408529901416,-591.539522542752,954.631853997842
3.64830243126946e-07,2.1497507731781,2.15085010014994,17.1745058893392,17.1761088194467,-567.173912140515,915.354003675151
3.96820383885554e-07,2.1953530842261,2.19652387971087,16.8173176571408,16.8189545835287,-543.811437654631,877.693226444675
4.31614994855778e-07,2.24191988613484,2.24316679157582,16.4675608303984,16.469232476708,-521.410799951636,841.582947275734
4.6945985587854e-07,2.28947139205109,2.29079934965562,16.1250808551981,16.1267879616113,-499.932400190248,806.959332039031
5.10622277349881e-07,2.33802822666908,2.33944250040292,15.7897263932023,15.7914697061931,-479.338269820039,773.761174663102
5.55392981604896e-07,2.38761143382208,2.38911762790056,15.4613492547827,15.4631295433357,-459.592003462798,741.929788937727
6.04088155276017e-07,2.43824248416576,2.43984656669046,15.1398043335186,15.1416223785765,-440.658694555547,711.408904769154
6.57051675956311e-07,2.48994328294141,2.49165160891524,14.8249495420911,14.8268061402761,-422.504873645241,682.144568709905
7.14657534262031e-07,2.54273617782655,2.54455551286167,14.516645749478,14.5185417208469,-405.098449221857,654.085048580496
7.77312472166614e-07,2.59664396685411,2.59858151577457,14.2147567195122,14.2166928958092,-388.408650990649,627.180742023144
8.45458845155633e-07,2.65168990641996,2.65375334069135,13.9191490506372,13.921126281039,-372.405975475332,601.384088812975
9.19577738622834e-07,2.70789771934677,2.71009520730765,13.6296921169955,13.6317112678837,-357.062133865172,576.649486786427
1.00019235471649e-06,2.7652916030276,2.76763184155835,13.3462580106655,13.3483199679087,-342.350002005067,552.933211224214
1.08787169605939e-06,2.82389623761229,2.82638848623249,13.0687214851895,13.0708271543158,-328.243572449242,530.193337560859
1.18323457187763e-06,2.88373679426475,2.88639091215222,12.7969599001931,12.7991102033185,-314.71790848455,508.389667269273
1.28695395007483e-06,2.94483894345868,2.9476654271686,12.5308531672056,12.5330490475574,-301.749100049147,487.483656800692
1.3997616945538e-06,3.00722886331611,3.0102388886952,12.2702836965984,12.2725261151969,-289.314221465523,467.438349449403
1.522453709768e-06,3.07093324798244,3.07413871286885,12.0151363456156,12.0174262858871,-277.391290913073,448.218310021629
1.65589554201873e-06,3.13597931602347,3.13939288816529,11.7652983675011,11.7676368299616,-265.959231569937,429.789562195306
1.80102845948049e-06,3.20239481884022,3.20602998418529,11.5206593616784,11.523047369091,-254.997834354349,412.119528458286
1.95887606979639e-06,3.27020804909252,3.27407916442966,11.2811112249609,11.2835498224518,-244.48772219965,395.176972518836
2.13055151410124e-06,3.33944784911588,3.34357019878639,11.0465481037897,11.0490383566352,-234.410315800644,378.931944087966
2.31726528276965e-06,3.41014361932762,3.41453347408167,10.8168663474511,10.8194093438867,-224.747800769595,363.355725934109
2.52033371772598e-06,3.48232532659855,3.48700000714852,10.5919644622928,10.5945613130937,-215.483096145433,348.420783119214
2.74118825394076e-06,3.55602351259641,3.5610014574118,10.3717430668541,10.3743949044447,-206.599824197884,334.100714322252
2.98138546006577e-06,3.63126930206405,3.63657013790707,10.1561048479666,10.1588128300902,-198.082281476246,320.370205169121
3.24261796524894e-06,3.7080944110329,3.71373903040955,9.94495451775296,9.94771982414153,-189.915411049455,307.204983482926
3.5267263220895e-06,3.78653115495177,3.79254179617131,9.73819877151743,9.74102260699899,-182.084775888951,294.581776376465
3.83571191253651e-06,3.86661245671215,3.87301279022891,9.53574624651585,9.53862984075242,-174.576533347461,282.478269111351
4.17175097200406e-06,3.94837185454663,3.95518707465149,9.33750748159504,9.34045208917167,-167.377410688949,270.873065651622
4.53720983117911e-06,4.0318435097926,4.03910043170989,9.14339487765413,9.14640177908473,-160.474681625315,259.745650840245
4.93466148476784e-06,4.11706221449047,4.12478937788326,8.9533226589347,8.95639316096464,-153.856143819325,249.076354133201
5.36690359687064e-06,4.20406339878731,4.21229117751157,8.76720683513455,8.77034227161799,-147.510097314365,238.846314827613
5.83697807576833e-06,4.29288313814138,4.30164385786623,8.58496516428294,8.58816689506659,-141.425323851313,229.037448719915
6.34819233225059e-06,4.38355816028407,4.39288622152845,8.40651711640167,8.40978653019593,-135.591067037394,219.632416137444
6.90414240445136e-06,4.4761258519128,4.48605786315068,8.23178383793014,8.23512235050554,-129.997013331749,210.614591286551
7.50873806198982e-06,4.57062426509644,4.58119918189522,8.06068811687618,8.06409717361602,-124.633273813339,201.968032861871
8.16623010724271e-06,4.66709212334798,4.67835139777513,7.893154348705,7.89663542419285,-119.490366699885,193.677455866266
8.88124003139978e-06,4.7655688273395,4.77755656647357,7.72910850293335,7.73266310099641,-114.559200586362,185.728204590666
9.65879223291388e-06,4.86609446022334,4.87885759379458,7.56847809041648,7.57210774536263,-109.831058373475,178.106226706208
1.05043490299384e-05,4.96870979251698,4.98229825128333,7.41119213132071,7.41489840857631,-105.297581857972,170.798048423222
1.14238487018969e-05,5.07345628651278,5.08792319216524,7.257181123765,7.26096561979968,-100.950756957424,163.790750673007
1.24237468062116e-05,5.1803761001751,5.19577796608314,7.10637701310964,7.11024135666503,-96.7828995431524,157.071946269928
1.35110610786082e-05,5.28951209047222,5.30590903579408,6.95871316189042,6.96265901380354,-92.786641856589,150.62975801402
1.46934201890048e-05,5.40090781610202,5.41836379202116,6.81412432037501,6.81815337480555,-88.9549194847835,144.452797694926
1.59791167186896e-05,5.51460753955571,5.53319057020603,6.67254659773616,6.67666058230806,-85.2809588722347,138.530145960403
1.73771646894139e-05,5.63065622847168,5.65043866614588,6.53391743382236,6.53811811033991,-81.7582653467944,132.851333013502
1.8897362048742e-05,5.74909955621858,5.77015835211013,6.39817557151939,6.40246473668842,-78.3806116386359,127.406320104583
2.0550358537319e-05,5.8699839016488,5.89240089354806,6.26526102969023,6.26964051528548,-75.1420268719681,122.185481785382
2.23477293734842e-05,5.99335634796996,6.01721856467697,6.13511507667027,6.13958675049001,-72.0367860097699,117.179588893353
2.43020552805895e-05,6.11926468065262,6.1446646652787,6.00768020432524,6.01224597059727,-69.0593997333543,112.379792236957
2.64270093717212e-05,6.24775738431999,6.27479353691591,5.88290010264388,5.88756190257872,-66.2046047384639,107.777606952395
2.87374514811312e-05,6.37888363854048,6.40766057919429,5.76071963486269,5.76547944728036,-63.4673544309515,103.364897504475
3.12495305736515e-05,6.51269331245212,6.54332226610418,5.6410848131071,5.64594465503666,-60.8428100054934,99.1338633049259
3.39807959144345e-05,6.64923695813286,6.68183616238754,5.52394277454535,5.52890470174186,-58.3263318917136,95.0770249229774
3.69503177326536e-05,6.78856580264438,6.8232609396447,5.4092417580353,5.41430786559028,-55.9134715523962,91.1872108635074
4.01788181854101e-05,6.93073173865736,6.96765639252141,5.29693108125966,5.3021035041489,-53.5999636194164,87.4575448895909
4.36888134829339e-05,7.07578731356779,7.11508345471174,5.18696111834026,5.19224203196503,-51.3817183534983,83.88143386706
4.7504768109663e-05,7.22378571701768,7.26560421470722,5.07928327791645,5.08467489871136,-49.2548144143642,80.4525561094138
5.1653262158835e-05,7.374780766716,7.41928193148032,4.97384998168369,4.97935456768957,-47.2154919286153,77.1648502026767
5.61631728777101e-05,7.52882689246501,7.57618105009005,4.87061464337899,4.87623449469362,-45.2601458430059,74.0125042903117
6.10658715904933e-05,7.68597911828831,7.73636721657302,4.76953164820427,4.77526910761845,-43.3853195513708,70.9899457992662
6.63954373016917e-05,7.84629304254892,7.89990729294422,4.67055633268149,4.67641378620848,-41.587698783996,68.0918315890826
7.21888883516986e-05,8.00982481595324,8.06686937180218,4.57364496492671,4.57962484227508,-39.8641057485499,65.3130385065294
7.84864336114133e-05,8.17663111732382,8.23732279032242,4.4787547253369,4.48485950045515,-38.2114935122702,62.6486543291457
8.53317448425983e-05,8.34676912702583,8.41133814401236,4.38584368768029,4.39207587924538,-36.6269406154562,60.0939690816566
9.27722519530327e-05,8.52029649792929,8.58898729981264,4.29487080058128,4.30123297251809,-35.1076459067364,57.6444667099037
0.000100859463038505,8.6972713237837,8.77034340882857,4.20579586939304,4.21229063132291,-33.650923591,55.2958170976024
0.000109649311227589,8.87775210488418,8.95548091832822,4.11857953844861,4.1252095461323,-32.2541984812173,53.0438684117821
0.000119202530513229,9.06179771090511,9.14447558294521,4.03318327368204,4.03995122950449,-30.9150014457464,50.8846397633703
0.000129585062946802,9.24946734077059,9.33740447541161,3.94956934561469,3.95647799897463,-29.6309650431181,48.8143141700109
0.0001408684997104,9.44082047944143,9.53434599624295,3.86770081269566,3.87475296040766,-28.3998193365287,46.8292318085957
0.000153130558810943,9.6359168514906,9.735379882522,3.78754150499035,3.79473999168925,-27.2193878806584,44.9258835456127
0.000166455602352622,9.83481637133621,9.94058721588977,3.70905600821178,3.71640372667728,-26.0875838737518,43.1009047339268
0.000180935196526955,10.037579090019,10.1500504291781,3.63220964808312,3.63970953959928,-25.0024064680843,41.3510692649144
0.000196668717760806,10.2442651383916,10.3638533121424,3.55696847502905,3.56462352966829,-23.9619372323614,39.6732838655541
0.000213764008654582,10.4549346666077,10.5820810157227,3.48329924918631,3.49111250609437,-22.9643367597545,38.0645826303257
0.000232338087660766,10.6696477797991,10.804820054992,3.41116942572661,3.4191439733811,-22.0078414155684,36.5221217782481
0.000252517916733197,10.8884644698252,11.03215831073,3.34054714048754,3.34868611689172,-21.0907602188253,35.0431746258435
0.000274441231451927,11.111444543003,11.2641850291764,3.27140119590192,3.27970778878394,-20.2114718522038,33.6251267670732
0.000298257438513749,11.338647543719,11.5009908202136,3.20370104722157,3.21217849418361,-19.3684217950759,32.2654714517747
0.000324128585781347,11.5701326738438,11.7426676536529,3.13741678902759,3.146068377657,-18.5601195745507,30.9618051544019
0.000352230410468168,11.8059587078765,11.9893088535017,3.07251914202206,3.08134820996819,-17.7851361296747,29.7118233252567
0.000382753471423358,12.0461839037641,12.2410090900523,3.00897944009388,3.0179893751174,-17.0421012841086,28.5133163166765
0.000415904371909415,12.2908659093498,12.4978643697537,2.94676961765401,2.95596385762518,-16.3297013228279,27.3641654770079
0.000451907079667135,12.5400616644315,12.7599720225313,2.88586219723241,2.89524423010174,-15.6466766685345,26.2623394054259
0.000491004351559798,12.7938272984181,13.0274306865474,2.82623027733258,2.83580364105428,-14.9918196536898,25.2058903610134
0.0005334592705315,13.0522180236076,13.3003402900745,2.76784752053619,2.77761580296276,-14.363972384205,24.192950819724
0.000579556903157252,13.315288024121,13.5788020304306,2.71068814185305,2.72065498058681,-13.7620246910196,23.2217301731638
0.000629606086562706,13.5830903405635,13.8629183496998,2.65472689731015,2.66489597951742,-13.1849121659343,22.2905115633428
0.0006839413540487,13.8556767505079,14.1527929070161,2.59993907277405,2.61031413497042,-12.6316142782205,21.3976488478083
0.000742925009352247,14.133097644927,14.448530547293,2.5463004730009,2.55688530079723,-12.1011525686701,20.5415636897921
0.000806949360031561,14.4154019007379,14.7502372660464,2.49378741090838,2.50458583873312,-11.592588917887,19.7207427682282
0.000876439121120454,14.7026367496561,15.0580201701798,2.44237669706373,2.45339260785783,-11.1050238857503,18.9337351027108
0.000951854000811991,14.9948476435966,15.3719874344639,2.39204562938221,2.40328295426958,-10.6375951191072,18.1791494886633
0.00103369148057064,15.2920781169021,15.6922482533907,2.34277198303011,2.35423470097796,-10.1894758248722,17.4556520381828
0.00112248980277374,15.5943696457201,16.0189127882311,2.29453400052644,2.30622613799578,-9.75987330582617,16.761963822214
0.00121883117963684,15.9017615048974,16.3520921089948,2.24731038203765,2.25923601263057,-9.34802755651912,16.0968586098874
0.00132334523784383,16.2142906228113,16.6918981309413,2.20108027585898,2.21324351998127,-8.95320991678453,15.4591607010169
0.00143671271404688,16.5319914345982,17.0384435454801,2.15582326907703,2.16822829361625,-8.57472178048133,14.847742847938
0.00155966941700503,16.854895734302,17.3918417450205,2.11151937840664,2.1241703964487,-8.21189335716699,14.2615242629982
0.00169301047287496,17.183032526504,17.7522067415678,2.06814904119648,2.08105031178961,-7.86408248450964,13.6994687081876
0.00183759487077517,17.516427878056,18.1196530786996,2.02569310659662,2.03884893458151,-7.53067348933087,13.1605826635283
0.00199435032637751,17.8551047705852,18.4942957365779,1.98413282688145,1.99754756281026,-7.21107609525605,12.6439135709805
0.00216427848189937,18.1990829544876,18.8762500297215,1.94344984892154,1.95712788908414,-6.90472437503849,12.1485481507671
0.00234846046135928,18.5483788051787,19.2656314971241,1.90362620579699,1.91757199238488,-6.61107574569397,11.67361078713
0.00254806280050568,18.9030051824056,19.6625557844627,1.86464430854587,1.87886232997674,-6.32961000466942,11.218261980673
0.00276434377114265,19.2629712934764,20.067138517936,1.82648693803953,1.84098172948143,-6.05982840533049,10.7816968645432
0.00299866011998007,19.6282825612854,20.4794951694808,1.78913723697788,1.80391338110459,-5.80125277013479,10.3631437818325
0.0032524742422555,19.9989404980476,20.8997409129474,1.75257870199625,1.76764083001655,-5.55342463991729,9.9618629216781
0.00352736181047875,20.3749425856735,21.3279904708993,1.71679517587604,1.73214796888155,-5.31590445778366,9.57714501164819
0.003825019878539,20.7562821637256,21.7643579516741,1.68177083985029,1.69741903053252,-5.08827078616768,9.20831006409616
0.00414727548116023,21.1429483258953,22.2089566763735,1.64749020599584,1.6634385807864,-4.87011955567114,8.85470617426362
0.00449609474816337,21.5349258259289,22.661898995393,1.61393810970257,1.63019151139997,-4.6610633443613,8.51570836800017
0.00487359255233999,21.9321949938972,23.1232960942116,1.58109970221058,1.5976630331582,-4.46073068625727,8.19071749705707
0.00528204270867749,22.3347316636645,23.5932577880677,1.54896044320547,1.56583866909543,-4.26876540779206,7.87915917999431
0.00572388874141594,22.7425071123479,24.0718923052252,1.51750609346167,1.53470424784487,-4.08482599108606,7.58048278681828
0.00620175523376942,23.1554880124735,24.5593060585434,1.48672270752344,1.50424589711247,-3.9085849629221,7.29416046554636
0.00671845977310381,23.5736363974374,25.0556034050688,1.45659662641309,1.47445003727268,-3.73972830835783,7.01968620896514
0.00727702550191789,23.9969096407499,25.5608863934081,1.42711447035533,1.44530337508251,-3.57795490795927,6.75657495991819
0.00788069428204663,24.4252604493945,26.075254498664,1.39826313150691,1.41679289751078,-3.4229759976855,6.5043617535271
0.00853294047607744,24.8586368714578,26.5988043447641,1.37002976668033,1.38890586567909,-3.27451465049764,6.26260089481118
0.00923748534595692,25.2969823179868,27.1316294140375,1.34240179005044,1.36162980891149,-3.13230527880907,6.03086517023219
0.00999831206418977,25.7402355988046,27.6738197439734,1.31536686583295,1.33495251888885,-2.9960931569348,5.80874509174831
0.0108196813277306,26.1883309717687,28.2254616111101,1.28891290092382,1.30886204390548,-2.86563396273813,5.59584817201424
0.0117061475587534,26.6411982046761,28.786637202106,1.26302803748921,1.28334668322393,-2.74069333771256,5.39179822941887
0.0126625756697833,27.0987626487266,29.3574242721062,1.23770064549601,1.25839498152414,-2.6210464647746,5.19623472169932
0.0136941583631629,27.5609453221376,29.9378957905785,1.21291931517391,1.23399572344424,-2.5064776630799,5.00881210691741
0.0148064339266096,28.0276630021681,30.5281195749288,1.18867284940098,1.21013792820809,-2.39677999921174,4.82919923062928
0.0160053044774278,28.4988283234664,31.1281579122615,1.16495025600635,1.18681084433657,-2.2917549141253,4.65707873812018
0.0172970545980466,28.9743498803006,31.7380671698174,1.14174073998506,1.16400394443761,-2.1912118652656,4.49214651061644
0.0186883702946508,29.4541323298826,32.3578973946996,1.11903369562276,1.14170692007154,-2.09496798330941,4.33411112442309
0.020186358199086,29.9380764936491,32.9876919036879,1.09681869853038,1.11990967668651,-2.00284774301406,4.18269333197159
0.0217985649216936,30.4260794530436,33.6274868640711,1.07508549759232,1.09860232861959,-1.9146826476864,4.03762556379414
0.0235329964495334,30.9180346360465,34.2773108666182,1.05382400683577,1.07777519415828,-1.8303109268157,3.89865145047236
0.0253981374705148,31.4138318904546,34.9371844919889,1.03302429723302,1.0574187906574,-1.7495772464426,3.76552536363666
0.0274029704895342,31.9133575397158,35.6071198721157,1.01267658845449,1.0375238297053,-1.67233243186412,3.63801197511992
0.0295569945877521,32.4164944170172,36.2871202482945,0.992771240596127,1.018081212334,-1.59843320230135,3.51588583339431
0.0318702436610676,32.9231218732977,36.9771795279934,0.973298745911951,0.999082024266496,-1.52774191718126,3.39893095644346
0.0343533039586519,33.4331157549549,37.6772818426456,0.954249720590897,0.980517531195111,-1.46012633370825,3.28694044024529
0.0370173307275385,33.9463483472442,38.3874011089919,0.935614896625782,0.962379174083751,-1.39545937542286,3.1797160820612
0.0398740637549433,34.4626882797564,39.1075005968406,0.917385113832539,0.944658564487188,-1.33361891146598,3.07706801774806
0.0429358415866719,34.982000390928,39.8375325064515,0.899551312088779,0.927347479879948,-1.2744875462852,2.97881437232917
0.0462156141880468,35.5041455493137,40.5774375590925,0.882104523872736,0.910437858987355,-1.21795241953669,2.88478092307926
