r,rho3,rho5,rho3prime
0.08,2.7933010069763,4.6543673831724,-2.2330068101977
0.12990595611285,2.6903147031013,4.4809803505433,-1.9084178489884
0.17981191222571,2.6016436518015,4.3307500094938,-1.6548769671755
0.22971786833856,2.524313326816,4.1987776821997,-1.4511710603172
0.27962382445141,2.4561977066735,4.0815683501094,-1.2837848014394
0.32952978056426,2.395723699023,3.9765411104214,-1.1436959804985
0.37943573667712,2.3416941237618,3.8817361358622,-1.0246505650108
0.42934169278997,2.2931763433551,3.7956303972796,-0.92217646766849
0.47924764890282,2.2494293093182,3.717017007713,-0.83299118297089
0.52915360501567,2.2098541359539,3.6449235143448,-0.75463108155802
0.57905956112853,2.1739596431977,3.5785549606151,-0.68521121092716
0.62896551724138,2.1413377379028,3.5172532217136,-0.62326494230852
0.67887147335423,2.1116454451127,3.4604673349349,-0.56763411094371
0.72877742946708,2.0845915452834,3.4077314421544,-0.51739202019005
0.77868338557994,2.0599264709687,3.3586481168935,-0.47178838341573
0.82858934169279,2.0374345544745,3.3128755735714,-0.43020924239113
0.87849529780564,2.0169280002992,3.2701177238098,-0.3921473166796
0.9284012539185,1.9982421424503,3.2301163528664,-0.35717975005954
0.97830721003135,1.9812316722374,3.1926448968769,-0.32495118847581
1.0282131661442,1.9657676083121,3.1575034440855,-0.29516075795784
1.0781191222571,1.9517348409216,3.1245146827437,-0.26755193403443
1.1280250783699,1.939030125049,3.0935205889339,-0.24190458158012
1.1779310344828,1.9275604278476,3.0643796983431,-0.21802864244206
1.2278369905956,1.9172415581908,3.0369648430247,-0.19575908722146
1.2777429467085,1.9079970227026,3.011161261495,-0.17495184633844
1.3276489028213,1.8997570649819,2.986865010883,-0.15548050655106
1.3775548589342,1.8924578540497,2.9639816252152,-0.13723361080922
1.427460815047,1.8860407951388,2.942424975609,-0.12011243737577
1.4773667711599,1.8804519414,2.9221162971308,-0.10402916243531
1.5272727272727,1.8756414893232,2.902983354032,-0.088905331642158
1.5771786833856,1.8715633439716,2.8849597205088,-0.074670582137008
1.6270846394984,1.868174742728,2.8679841584037,-0.061261568840074
1.6769905956113,1.8654359283074,2.8520000766533,-0.048621058279398
1.7268965517241,1.8633098634383,2.8369550599836,-0.036697160542719
1.776802507837,1.8617619809298,2.8228004565206,-0.025442675665722
1.8267084639498,1.8607599639091,2.8094910157321,-0.014814535270523
1.8766144200627,1.860273551879,2.7969845695317,-0.0047733238298752
1.9265203761755,1.8602743689522,2.7852417505379,0.0047171332321206
1.9764263322884,1.8607357711956,2.7742257424263,0.013690125121859
2.0263322884013,1.8616327105002,2.7639020580957,0.022176363632068
2.0762382445141,1.862941612783,2.7542383420172,0.03020425068406
2.126144200627,1.8646402686605,2.7452041936713,0.037800111465886
2.1760501567398,1.8667077350046,2.7367710094293,0.044988398192904
2.2259561128527,1.8691242460231,2.7289118406087,0.051791868710346
2.2758620689655,1.871871132702,2.721601265753,0.058231743492232
2.3257680250784,1.8749307496063,2.7148152754495,0.064327844040221
2.3756739811912,1.878286408178,2.708531168227,0.070098715228385
2.4255799373041,1.8819223157844,2.7027274562688,0.075561733757996
2.4754858934169,1.8858235198722,2.697383779839,0.080733204566912
2.5253918495298,1.8899758566649,2.6924808294609,0.085628446769586
2.5752978056426,1.8943659039165,2.6880002750071,0.090261870477638
2.6252037617555,1.8989809372962,2.6839247009651,0.09464704565964
2.6751097178683,1.9038088900316,2.6802375472298,0.098796764036826
2.7250156739812,1.9088383154858,2.6769230548543,0.10272309487371
2.774921630094,1.9140583523814,2.6739662162544,0.10643743540535
2.8248275862069,1.9194586924213,2.6713527294237,0.10995055654269
2.8747335423197,1.925029550084,2.6690689557646,0.11327264441204
2.9246394984326,1.9307616343987,2.6671018811849,0.11641333821081
2.9745454545455,1.9366461225258,2.6654390801509,0.11938176479894
3.0244514106583,1.9426746349909,2.6640686824191,0.12218657039073
3.0743573667712,1.9488392124339,2.6629793421993,0.12483594966536
3.124263322884,1.9551322937525,2.6621602095299,0.12733767257357
3.1741692789969,1.9615466955318,2.6616009036661,0.1296991090834
3.2240752351097,1.9680755926612,2.661291488306,0.13192725207723
3.2739811912226,1.9747125000517,2.6612224484941,0.1340287385868
3.3238871473354,1.9814512553756,2.6613846690607,0.13600986952934
3.3737931034483,1.9882860027565,2.6617694144673,0.137876628089
3.4236990595611,1.995211177345,2.662368309944,0.13963469687007
3.473605015674,2.0022214907229,2.6631733238125,0.14128947393396
3.5235109717868,2.0093119170816,2.6641767509007,0.14284608781847
3.5734169278997,2.0164776801262,2.6653711969647,0.14430941162725
3.6233228840125,2.023714240662,2.6667495640379,0.14568407626665
3.6732288401254,2.0310172848212,2.6683050366395,0.14697448289938
3.7231347962382,2.0383827128926,2.6700310687769,0.14818481467625
3.7730407523511,2.0458066287205,2.6719213716841,0.14931904780111
3.822946708464,2.05328532964,2.6739699022437,0.15038096197807
3.8728526645768,2.0608152969194,2.676170852043,0.15137415028537
3.9227586206897,2.068393186681,2.6785186370212,0.15230202851549
3.9726645768025,2.0760158212768,2.6810078876664,0.15316784401755
4.0225705329154,2.0836801810929,2.6836334397264,0.15397468407449
4.0724764890282,2.0913833967608,2.6863903253978,0.15472548384451
4.1223824451411,2.0991227417555,2.6892737649648,0.15542303389375
4.1722884012539,2.1068956253595,2.6922791588558,0.15606998734474
4.2221943573668,2.1146995859738,2.695402080095,0.15666886666311
4.2721003134796,2.1225322847601,2.6986382671215,0.15722207010336
4.3220062695925,2.1303914995957,2.7019836169564,0.15773187783264
4.3719122257053,2.1382751193269,2.7054341786945,0.15820045775033
4.4218181818182,2.1461811383053,2.7089861473044,0.15862987101972
4.471724137931,2.1541076511933,2.712635857716,0.15902207732692
4.5216300940439,2.1620528480256,2.7163797791822,0.15937893988138
4.5715360501567,2.1700150095144,2.7202145098972,0.15970223017114
4.6214420062696,2.177992502585,2.7241367718588,0.15999363248518
4.6713479623824,2.1859837761333,2.7281434059598,0.16025474821481
4.7212539184953,2.1939873569908,2.7322313672985,0.16048709994465
4.7711598746082,2.20200184609,2.7363977206943,0.16069213534392
4.821065830721,2.2100259148186,2.7406396364003,0.16087123086765
4.8709717868339,2.2180583015542,2.7449543860004,0.16102569527694
4.9208777429467,2.2260978083703,2.7493393384832,0.16115677298724
4.9707836990596,2.234143297905,2.7537919564835,0.16126564725271
5.0206896551724,2.242193690385,2.7583097926828,0.16135344319475
5.0705956112853,2.2502479607966,2.7628904863615,0.16142123068188
5.1205015673981,2.2583051361978,2.767531760095,0.16147002706846
5.170407523511,2.2663642931625,2.7722314165877,0.16150079979862
5.2203134796238,2.2744245553521,2.7769873356373,0.16151446888215
5.2702194357367,2.2824850912076,2.7817974712246,0.16151190924825
5.3201253918495,2.2905451117561,2.7866598487219,0.16149395298317
5.3700313479624,2.298603868526,2.7915725622151,0.16146139145717
5.4199373040752,2.3066606515662,2.7965337719343,0.16141497734619
5.4698432601881,2.3147147875633,2.8015417017882,0.16135542655328
5.5197492163009,2.322765638052,2.8065946369979,0.16128342003459
5.5696551724138,2.3308125977152,2.8116909218239,0.16119960553463
5.6195611285266,2.3388550927679,2.8168289573857,0.16110459923498
5.6694670846395,2.3468925794212,2.8220071995663,0.16099898732098
5.7193730407524,2.3549245424232,2.8272241570004,0.16088332747004
5.7692789968652,2.3629504936713,2.8324783891419,0.16075815026566
5.8191849529781,2.3709699708945,2.8377685044065,0.16062396054068
5.8690909090909,2.3789825363998,2.8430931583884,0.1604812386532
5.9189968652038,2.3869877758817,2.8484510521453,0.16033044169859
5.9689028213166,2.3949852972901,2.8538409305508,0.16017200466066
6.0188087774295,2.4029747297542,2.859261580711,0.16000634150503
6.0687147335423,2.4109557225598,2.8647118304413,0.15983384621751
6.1186206896552,2.418927944177,2.8701905468034,0.15965489379035
6.168526645768,2.4268910813359,2.8756966346974,0.15946984115882
6.2184326018809,2.4348448381478,2.8812290355085,0.15927902809065
6.2683385579937,2.4427889352696,2.8867867258057,0.15908277803075
6.3182445141066,2.4507231091097,2.8923687160896,0.15888139890334
6.3681504702194,2.4586471110723,2.8979740495885,0.15867518387372
6.4180564263323,2.4665607068389,2.9036018010998,0.15846441207166
6.4679623824451,2.4744636756859,2.9092510758757,0.1582493492784
6.517868338558,2.4823558098337,2.9149210085506,0.15803024857904
6.5677742946708,2.4902369138298,2.9206107621098,0.15780735098208
6.6176802507837,2.4981068039601,2.926319526896,0.15758088600782
6.6675862068966,2.5059653076901,2.9320465196536,0.15735107224718
6.7174921630094,2.5138122631326,2.9377909826094,0.15711811789238
6.7673981191223,2.5216475185414,2.9435521825864,0.15688222124103
6.8173040752351,2.5294709318299,2.9493294101519,0.15664357117488
6.867210031348,2.5372823701121,2.9551219787966,0.15640234761459
6.9171159874608,2.5450817092667,2.9609292241444,0.15615872195165
6.9670219435737,2.5528688335215,2.9667505031916,0.1559128574588
7.0169278996865,2.5606436350582,2.972585193574,0.15566490967979
7.0668338557994,2.5684060136359,2.9784326928612,0.15541502679981
7.1167398119122,2.5761558762329,2.9842924178771,0.15516334999732
7.1666457680251,2.5838931367051,2.9901638040445,0.15491001377843
7.2165517241379,2.5916177154613,2.996046304755,0.15465514629464
7.2664576802508,2.5993295391536,3.001939390761,0.15439886964477
7.3163636363636,2.6070285403824,3.00784254959,0.15414130016195
7.3662695924765,2.6147146574158,3.0137552849807,0.15388254868636
7.4161755485893,2.6223878339217,3.019677116339,0.1536227208245
7.4660815047022,2.630048018713,3.0256075782141,0.15336191719571
7.515987460815,2.6376951655047,3.0315462197933,0.15310023366648
7.5658934169279,2.6453292326818,3.0374926044152,0.1528377615733
7.6157993730408,2.6529501830794,3.0434463091005,0.1525745879345
7.6657053291536,2.6605579837715,3.0494069240991,0.15231079565183
7.7156112852665,2.6681526058706,3.055374052454,0.15204646370206
7.7655172413793,2.6757340243367,3.0613473095807,0.15178166731932
7.8154231974922,2.6833022177946,3.0673263228612,0.15151647816856
7.865329153605,2.6908571683599,3.0733107312529,0.15125096451057
7.9152351097179,2.6983988614733,3.079300184911,0.15098519135896
7.9651410658307,2.7059272857421,3.0852943448246,0.15071922062966
8.0150470219436,2.7134424327892,3.091292882465,0.15045311128314
8.0649529780564,2.7209442971091,3.0972954794475,0.15018691945975
8.1148589341693,2.7284328759303,3.1033018272039,0.14992069860867
8.1647648902821,2.7359081690843,3.1093116266669,0.14965449961063
8.214670846395,2.7433701788801,3.115324587966,0.14938837089473
8.2645768025078,2.7508189099847,3.1213404301333,0.14912235854977
8.3144827586207,2.7582543693091,3.1273588808197,0.14885650643026
8.3643887147335,2.7656765658993,3.1333796760211,0.1485908562574
8.4142946708464,2.7730855108321,3.1394025598142,0.14832544771529
8.4642006269592,2.7804812171159,3.1454272841008,0.14806031854262
8.5141065830721,2.7878636995959,3.1514536083615,0.14779550462003
8.564012539185,2.795232974863,3.1574812994176,0.14753104005341
8.6139184952978,2.8025890611679,3.1635101312012,0.14726695725326
8.6638244514107,2.809931978338,3.1695398845327,0.14700328701036
8.7137304075235,2.8172617476982,3.1755703469069,0.14674005856799
8.7636363636364,2.8245783919959,3.1816013122851,0.14647729969068
8.8135423197492,2.8318819353285,3.1876325808952,0.1462150367299
8.8634482758621,2.8391724030744,3.1936639590379,0.14595329468663
8.9133542319749,2.8464498218275,3.1996952589,0.14569209727114
8.9632601880878,2.8537142193339,3.2057262983734,0.14543146695993
9.0131661442006,2.8609656244315,3.2117569008803,0.1451714250502
9.0630721003135,2.868204066993,3.2177868952046,0.14491199171165
9.1129780564263,2.8754295778706,3.2238161153285,0.14465318603616
9.1628840125392,2.8826421888432,3.2298444002743,0.14439502608498
9.212789968652,2.8898419325664,3.2358715939526,0.14413752893399
9.2626959247649,2.8970288425244,3.2418975450136,0.14388071071678
9.3126018808777,2.9042029529836,3.2479221067053,0.14362458666587
9.3625078369906,2.9113642989493,3.2539451367346,0.14336917115205
9.4124137931034,2.9185129161231,3.2599664971343,0.14311447772198
9.4623197492163,2.9256488408627,3.2659860541338,0.14286051913411
9.5122257053292,2.9327721101438,3.2720036780336,0.14260730739299
9.562131661442,2.9398827615231,3.2780192430849,0.14235485378211
9.6120376175549,2.9469808331028,3.2840326273721,0.1421031688952
9.6619435736677,2.9540663634974,3.2900437126998,0.14185226266623
9.7118495297806,2.9611393918013,3.2960523844829,0.14160214439807
9.7617554858934,2.968199957558,3.3020585316406,0.1413528227899
9.8116614420063,2.9752481007306,3.3080620464932,0.14110430596338
9.8615673981191,2.9822838616735,3.3140628246635,0.14085660148773
9.911473354232,2.9893072811058,3.3200607649794,0.14060971640374
9.9613793103448,2.9963184000851,3.3260557693813,0.14036365724662
10.011285266458,3.0033172599831,3.3320477428314,0.14011843006804
10.061191222571,3.0103039024617,3.3380365932265,0.13987404045706
10.111097178683,3.0172783694509,3.3440222313128,0.13963049356023
10.161003134796,3.0242407031266,3.3500045706042,0.13938779410088
10.210909090909,3.0311909458905,3.3559835273022,0.13914594639745
10.260815047022,3.0381291403498,3.3619590202194,0.13890495438117
10.310721003135,3.0450553292989,3.3679309707045,0.13866482161293
10.360626959248,3.0519695557009,3.3738993025699,0.1384255512994
10.410532915361,3.0588718626701,3.3798639420215,0.13818714630857
10.460438871473,3.0657622934563,3.3858248175908,0.13794960918449
10.510344827586,3.0726408914282,3.3917818600688,0.13771294216154
10.560250783699,3.0795077000585,3.3977350024424,0.13747714717796
10.610156739812,3.0863627629097,3.403684179832,0.13724222588895
10.660062695925,3.09320612362,3.4096293294317,0.13700817967908
10.709968652038,3.1000378258901,3.4155703904509,0.1367750096743
10.75987460815,3.1068579134709,3.4215073040579,0.13654271675337
10.809780564263,3.1136664301512,3.4274400133251,0.13631130155889
10.859686520376,3.1204634197458,3.4333684631755,0.13608076450777
10.909592476489,3.1272489260855,3.4392926003315,0.13585110580136
10.959498432602,3.1340229930054,3.4452123732648,0.1356223254351
11.009404388715,3.1407856643359,3.4511277321476,0.13539442320782
11.059310344828,3.1475369838922,3.4570386288058,0.13516739873064
11.10921630094,3.154276995466,3.4629450166729,0.13494125143544
11.159122257053,3.1610057428161,3.4688468507461,0.13471598058311
11.209028213166,3.1677232696604,3.4747440875428,0.13449158527133
11.258934169279,3.1744296196677,3.4806366850592,0.13426806444213
11.308840125392,3.1811248364505,3.4865246027293,0.13404541688909
11.358746081505,3.1878089635574,3.4924078013858,0.13382364126425
11.408652037618,3.1944820444663,3.4982862432216,0.13360273608475
11.45855799373,3.201144122578,3.504159891753,0.13338269973921
11.508463949843,3.2077952412097,3.5100287117832,0.13316353049382
11.558369905956,3.2144354435891,3.5158926693678,0.13294522649821
11.608275862069,3.2210647728489,3.5217517317801,0.13272778579106
11.658181818182,3.2276832720211,3.5276058674786,0.13251120630551
11.708087774295,3.2342909840322,3.5334550460748,0.13229548587431
11.757993730408,3.2408879516981,3.5392992383019,0.13208062223482
11.80789968652,3.2474742177194,3.5451384159842,0.13186661303375
11.857805642633,3.2540498246771,3.5509725520085,0.13165345583174
11.907711598746,3.2606148150284,3.5568016202946,0.13144114810774
11.957617554859,3.267169231103,3.5626255957679,0.13122968726323
12.007523510972,3.2737131150987,3.5684444543325,0.13101907062628
12.057429467085,3.2802465090783,3.5742581728447,0.13080929545538
12.107335423197,3.2867694549663,3.5800667290875,0.13060035894321
12.15724137931,3.2932819945455,3.5858701017461,0.13039225822019
12.207147335423,3.2997841694537,3.5916682703831,0.13018499035792
12.257053291536,3.3062760211815,3.5974612154159,0.12997855237243
12.306959247649,3.3127575910691,3.6032489180931,0.12977294122741
12.356865203762,3.319228920304,3.6090313604729,0.12956815383718
12.406771159875,3.3256900499185,3.6148085254014,0.12936418706962
12.456677115987,3.3321410207874,3.6205803964913,0.12916103774896
12.5065830721,3.3385818736262,3.626346958102,0.12895870265847
12.556489028213,3.3450126489888,3.6321081953193,0.12875717854301
12.606394984326,3.3514333872655,3.6378640939366,0.1285564621115
12.656300940439,3.3578441286819,3.6436146404357,0.12835655003931
12.706206896552,3.3642449132966,3.6493598219686,0.12815743897051
12.756112852665,3.3706357810001,3.65509962634,0.12795912552006
12.806018808777,3.3770167715134,3.6608340419897,0.12776160627587
12.85592476489,3.3833879243862,3.6665630579762,0.12756487780087
12.905830721003,3.3897492789966,3.6722866639597,0.12736893663488
12.955736677116,3.3961008745492,3.6780048501867,0.12717377929646
13.005642633229,3.4024427500742,3.6837176074743,0.12697940228471
13.055548589342,3.4087749444269,3.6894249271952,0.12678580208096
13.105454545455,3.4150974962866,3.6951268012629,0.12659297515038
13.155360501567,3.4214104441556,3.7008232221173,0.12640091794356
13.20526645768,3.427713826359,3.7065141827112,0.12620962689799
13.255172413793,3.4340076810435,3.7121996764962,0.12601909843954
13.305078369906,3.4402920461774,3.7178796974101,0.12582932898377
13.354984326019,3.4465669595499,3.7235542398635,0.1256403149373
13.404890282132,3.4528324587706,3.7292232987276,0.12545205269908
13.454796238245,3.459088581269,3.734886869322,0.12526453866156
13.504702194357,3.4653353642949,3.7405449474029,0.12507776921187
13.55460815047,3.4715728449173,3.7461975291511,0.12489174073297
13.604514106583,3.4778010600247,3.7518446111616,0.12470644960465
13.654420062696,3.484020046325,3.7574861904317,0.1245218922046
13.704326018809,3.4902298403451,3.7631222643511,0.12433806490937
13.754231974922,3.4964304784313,3.7687528306909,0.1241549640953
13.804137931034,3.5026219967488,3.774377887594,0.12397258613943
13.854043887147,3.5088044312822,3.7799974335649,0.12379092742035
13.90394984326,3.5149778178353,3.78561146746,0.12360998431902
13.953855799373,3.5211421920316,3.7912199884787,0.12342975321954
14.003761755486,3.527297589314,3.7968229961539,0.12325023050992
14.053667711599,3.5334440449453,3.802420490343,0.1230714125828
14.103573667712,3.5395815940086,3.8080124712196,0.12289329583612
14.153479623824,3.545710271407,3.8135989392649,0.12271587667376
14.203385579937,3.5518301118647,3.8191798952594,0.12253915150619
14.25329153605,3.5579411499266,3.824755340275,0.12236311675109
14.303197492163,3.5640434199592,3.830325275667,0.12218776883385
14.353103448276,3.5701369561509,3.8358897030667,0.12201310418817
14.403009404389,3.5762217925121,3.8414486243738,0.12183911925655
14.452915360502,3.582297962876,3.8470020417494,0.12166581049081
14.502821316614,3.5883655008991,3.8525499576087,0.12149317435252
14.552727272727,3.5944244400612,3.858092374614,0.12132120731349
14.60263322884,3.6004748136667,3.8636292956686,0.12114990585617
14.652539184953,3.6065166548445,3.8691607239095,0.12097926647406
14.702445141066,3.6125499965488,3.8746866627016,0.12080928567211
14.752351097179,3.6185748715598,3.8802071156311,0.12063995996705
14.802257053292,3.624591312484,3.8857220864999,0.1204712858878
14.852163009404,3.630599351755,3.891231579319,0.12030325997572
14.902068965517,3.6365990216343,3.8967355983035,0.12013587878499
14.95197492163,3.6425903542115,3.9022341478664,0.11996913888288
15.001880877743,3.6485733814054,3.9077272326133,0.11980303685002
15.051786833856,3.6545481349644,3.9132148573374,0.11963756928067
15.101692789969,3.6605146464674,3.9186970270136,0.11947273278301
15.151598746082,3.6664729473242,3.924173746794,0.11930852397931
15.201504702194,3.6724230687765,3.9296450220028,0.1191449395062
15.251410658307,3.6783650418986,3.9351108581311,0.11898197601486
15.30131661442,3.6842988975977,3.9405712608328,0.11881963017121
15.351222570533,3.6902246666154,3.9460262359195,0.11865789865615
15.401128526646,3.6961423795279,3.9514757893563,0.11849677816565
15.451034482759,3.7020520667466,3.9569199272572,0.11833626541098
15.500940438871,3.7079537585196,3.962358655881,0.1181763571188
15.550846394984,3.7138474849317,3.967791981627,0.11801705003137
15.600752351097,3.7197332759058,3.9732199110311,0.11785834090664
15.65065830721,3.725611161203,3.9786424507617,0.11770022651837
15.700564263323,3.7314811704242,3.9840596076157,0.11754270365627
15.750470219436,3.7373433330102,3.9894713885151,0.11738576912606
15.800376175549,3.7431976782429,3.9948778005031,0.11722941974961
15.850282131661,3.7490442352461,4.0002788507403,0.11707365236501
15.900188087774,3.754883032986,4.0056745465016,0.11691846382664
15.950094043887,3.7607141002724,4.0110648951725,0.11676385100525
16,3.7665374657591,4.0164499042457,0.11660981078803
