r,ctilde,c4,c2,pressure
0.2,0.03331850542074,0.039954366828226,0.066489563439472,-1.2503885885422
0.3,0.049949901208896,0.059846328771362,0.099405096988408,-0.83390088624327
0.4,0.066547735771137,0.079636866510447,0.13193244183219,-0.62572840334872
0.5,0.083100608655357,0.09929355660769,0.16395341373865,-0.50086556546316
0.6,0.099596952491945,0.11878512716131,0.19535885472,-0.41764051633881
0.7,0.11602501049805,0.13808170301142,0.2260502072312,-0.35819138921201
0.8,0.13237282568924,0.15715502464017,0.25594070204371,-0.3135854255685
0.9,0.14862824308211,0.17597863750533,0.2849561419189,-0.27885871768168
1,0.16477892566456,0.19452804946533,0.31303528549933,-0.25103212931431
1.1,0.18081238437514,0.21278085489932,0.3401298554774,-0.22820945432744
1.2,0.1967160217904,0.23071682505853,0.36620421085902,-0.20912649953378
1.3,0.2124771886924,0.24831796506612,0.39123473432711,-0.19290827886991
1.4,0.22808325219987,0.26556853878247,0.41520899217418,-0.17893025645789
1.5,0.24352167371524,0.28245506344487,0.43812472631584,-0.16673507653578
1.6,0.25878009458461,0.29896627655975,0.45998873615578,-0.15598049984749
1.7,0.27384642710183,0.31509307796116,0.48081570338364,-0.14640569287238
1.8,0.2887089483207,0.33082845025122,0.50062700605896,-0.13780872978232
1.9,0.30335639407581,0.34616736100907,0.51944956044049,-0.1300311741976
2,0.31777805065107,0.36110665020671,0.53731472072755,-0.12294726180124
2.1,0.3319638416705,0.37564490621489,0.55425725879953,-0.11645615000811
2.2,0.34590440800765,0.3897823336378,0.57031443861901,-0.11047625934535
2.3,0.35959117880392,0.4035206159988,0.58552519348547,-0.10494107107564
2.4,0.37301643203501,0.41686277602932,0.59992940893558,-0.099795957939445
2.5,0.38617334345039,0.42981303600645,0.61356730981261,-0.094995760701821
2.6,0.39905602311398,0.4423766802581,0.6264789468202,-0.090502911889224
2.7,0.41165953917591,0.4545599216208,0.63870377562975,-0.086285967135075
2.8,0.42397992888978,0.46636977330767,0.65028032018822,-0.082318444515728
2.9,0.436014197242,0.47781392733054,0.66124591112954,-0.078577899731634
3,0.44776030386834,0.48890064032889,0.67163648998035,-0.075045184144242
3.1,0.45921713919041,0.4996386273937,0.68148647003949,-0.07170384621168
3.2,0.47038449090549,0.51003696423961,0.69082864528112,-0.068539646545274
3.3,0.48126300210753,0.52010499787509,0.69969413928904,-0.065540163815443
3.4,0.49185412240392,0.52985226574834,0.70811238699337,-0.062694473867797
3.5,0.50216005342842,0.53928842320413,0.71611114279216,-0.059992888215495
3.6,0.51218369013875,0.54842317897333,0.72371650945261,-0.057426740930463
3.7,0.52192855923582,0.55726623832894,0.73095298296891,-0.054988215128428
3.8,0.53139875595762,0.56582725347779,0.73784350928412,-0.0526702019172
3.9,0.5405988803921,0.57411578071302,0.74440954945084,-0.050466185985909
4,0.54953397432741,0.58214124382548,0.75067115040168,-0.048370153049547
4.1,0.55820945952153,0.58991290326026,0.75664701902617,-0.046376515195044
4.2,0.5666310781333,0.59743983050467,0.76235459770649,-0.044480050851365
4.3,0.57480483591747,0.60473088720322,0.76781013985482,-0.042675856661592
4.4,0.58273694865278,0.61179470851279,0.77302878432523,-0.040959308995584
4.5,0.5904337921471,0.61863969023341,0.77802462784967,-0.039326033226583
4.6,0.59790185604963,0.62527397927719,0.78281079487583,-0.037771879218182
4.7,0.60514770159879,0.63170546706679,0.78739950437198,-0.036292901740169
4.8,0.61217792334627,0.63794178548599,0.79180213331463,-0.034885344761386
4.9,0.618999114823,0.64399030503576,0.7960292766959,-0.033545628761327
5,0.62561783805119,0.64985813488049,0.80009080398202,-0.032270340365077
5.1,0.63204059675744,0.65555212449915,0.80399591202819,-0.031056223743049
5.2,0.63827381310389,0.66107886668527,0.80775317451065,-0.029900173331028
5.3,0.64432380772705,0.66644470166691,0.81137058797809,-0.028799227521006
5.4,0.65019678285512,0.67165572214386,0.81485561465393,-0.027750563051471
5.5,0.65589880826407,0.67671777906291,0.8182152221413,-0.026751489889987
5.6,0.66143580982828,0.68163648797423,0.82145592019467,-0.025799446452813
5.7,0.66681356042273,0.68641723583211,0.82458379472914,-0.0248919950482
5.8,0.67203767293928,0.69106518812129,0.82760453924006,-0.024026817463125
5.9,0.67711359518823,0.69558529620691,0.83052348380474,-0.023201710639239
6,0.68204660646756,0.69998230482063,0.83334562183354,-0.022414582403917
6.1,0.68684181559563,0.70426075960888,0.83607563473232,-0.021663447237363
6.2,0.69150416021671,0.70842501468062,0.83871791463069,-0.020946422068047
6.3,0.69603840720413,0.71247924010265,0.84127658532305,-0.020261722096624
6.4,0.70044915400024,0.71642742929926,0.84375552156039,-0.019607656654063
6.5,0.70474083074754,0.72027340632117,0.84615836682288,-0.018982625103136
6.6,0.70891770307958,0.72402083295546,0.84848854969409,-0.018385112794368
6.7,0.71298387545395,0.72767321565436,0.85074929894953,-0.017813687088368
6.8,0.71694329492304,0.7312339122657,0.85294365746382,-0.017266993456443
6.9,0.7207997552499,0.73470613855235,0.85507449503312,-0.016743751670668
7,0.72455690128847,0.73809297449179,0.85714452020168,-0.016242752093653
7.1,0.72821823355731,0.74139737035008,0.85915629117466,-0.015762852076843
7.2,0.73178711294576,0.74462215252712,0.86111222589247,-0.015302972474827
7.3,0.7352667654999,0.74777002917248,0.86301461133583,-0.014862094281628
7.4,0.73866028724352,0.75084359557285,0.86486561212502,-0.014439255393483
7.5,0.74197064899601,0.75384533931367,0.86666727847149,-0.014033547501259
7.6,0.7452007011555,0.7567776452188,0.86842155353498,-0.013644113114337
7.7,0.74835317842082,0.75964280007297,0.87013028023487,-0.01327014271663
7.8,0.75143070443067,0.76244299713269,0.87179520756043,-0.012910872054374
7.9,0.75443579630258,0.76518034043173,0.87341799642057,-0.012565579554373
8,0.75737086905803,0.76785684888775,0.87500022507037,-0.012233583870656
