rho_over_rhoc,tau002,tau004,tau010,tau030
1.2,-0.0669374192161892,0.015508737012376,0.322798605168259,1.58312093980793
1.22,-0.0648224648093454,0.0109725241754198,0.29240690106469,1.45347710779364
1.24,-0.0626657075664584,0.00763481740169869,0.267753979575125,1.34608422565948
1.26,-0.0605110944875547,0.00517429631020061,0.247430904472436,1.25575013725258
1.28,-0.0583842063053807,0.00336982437985667,0.230447890095488,1.17877350622002
1.3,-0.0562998137117446,0.00206491217723115,0.216090464418369,1.11244568558049
1.32,-0.0542661809198516,0.00114615185014988,0.203830764671237,1.05473961475668
1.34,-0.052287594576087,0.000529650409641369,0.193270874182704,1.00410868261607
1.36,-0.0503658881628432,0.000152226436720138,0.184105512087497,0.959352756887349
1.38,-0.0485013799142265,-3.44583767561968e-05,0.176096808158047,0.919526609550601
1.4,-0.0466934592075874,-6.79050249500768e-05,0.169056847248711,0.883875881702015
1.42,-0.0449409575359579,2.24304903164718e-05,0.16283533873543,0.851791395023872
1.44,-0.0432423849849384,0.00021315392885779,0.157310744483669,0.822775962692992
1.46,-0.0415960814307964,0.000485500342147116,0.152383788861597,0.796419888393786
1.48,-0.0400003129878508,0.000824283566261297,0.14797263978597,0.772382614022533
1.5,-0.0384533329666982,0.00121711511474276,0.144009281666213,0.750378790363095
1.52,-0.0369534196759513,0.00165381601252518,0.140436751445461,0.730167576805024
1.54,-0.0354988990627338,0.00212596875768667,0.137207008334397,0.71154433052931
1.56,-0.0340881574292146,0.00262657236743374,0.134279274739878,0.69433408591565
1.58,-0.0327196476841828,0.00314977415766354,0.131618731670541,0.678386390576303
1.6,-0.0313918914282394,0.00369065926752349,0.129195483702391,0.663571180308696
1.62,-0.0301034784057772,0.00424508408080965,0.12698373098676,0.649775457449818
1.64,-0.0288530643475713,0.00480954333237749,0.124961101764943,0.636900596151428
1.66,-0.0276393678863192,0.00538106329109073,0.12310811039393,0.624860141000832
1.68,-0.0264611669971674,0.00595711529586601,0.121407714313767,0.613577996937744
1.7,-0.0253172952593492,0.00653554530049516,0.119844949603636,0.602986931819561
1.72,-0.0242066381291665,0.0071145161019428,0.118406629405009,0.593027330525235
1.74,-0.0231281293427823,0.00769245968656435,0.117081092971978,0.583646152749344
1.76,-0.0220807475186375,0.00826803770016871,0.115857995748978,0.574796056750293
1.78,-0.0210635129965913,0.00884010848107136,0.114728132894169,0.566434659088774
1.8,-0.0200754849291382,0.00940769942629216,0.113683290221149,0.558523906410955
1.82,-0.0191157586257942,0.00996998371575303,0.112716117737483,0.551029540024012
1.84,-0.01818346314269,0.0105262606166717,0.111820021900404,0.543920637695754
1.86,-0.0172777591039476,0.0110759387442048,0.110989073450405,0.537169220020581
1.88,-0.0163978367382929,0.0116185217751264,0.110217928269046,0.530749911006978
1.9,-0.0155429141129913,0.0121535962065863,0.10950175917313,0.524639644390406
1.92,-0.0147122355468403,0.0126808208275523,0.108836196930072,0.518817408661038
1.94,-0.013905070184337,0.0131999176308791,0.10821727907892,0.513264024995696
1.96,-0.013120710714005,0.0137106639422314,0.107641405383734,0.507961953257394
1.98,-0.0123584722149062,0.0142128855810623,0.107105298942612,0.502895122020187
2,-0.0116176911166764,0.0147064509003376,0.106605972136216,0.49804877922776
2.02,-0.0108977242596348,0.015191265577318,0.10614069673104,0.493409360629528
2.04,-0.0101979480428518,0.0156672680486118,0.105706977560876,0.488964373580256
2.06,-0.00951775764927471,0.0161344254998651,0.10530252929932,0.484702294156001
2.08,-0.00885656633818854,0.0165927303345335,0.104925255910278,0.480612475844503
2.1,-0.00821380479637182,0.0170421970578608,0.104573232425124,0.476685068323278
2.12,-0.00758892054033916,0.0174828595218237,0.104244688746736,0.47291094505253
2.14,-0.00698137736294582,0.0179147684848567,0.103937995223852,0.469281638589982
2.16,-0.00639065481849427,0.0183379894468773,0.103651649775507,0.465789282686545
2.18,-0.00581624774121747,0.0187526007257548,0.10338426637602,0.462426560350315
2.2,-0.00525766579267484,0.0191586917461082,0.103134564736921,0.459186657175554
2.22,-0.00471443303423705,0.0195563615152773,0.102901361044277,0.45606321932629
2.24,-0.0041860875212977,0.0199457172647346,0.102683559628598,0.453050315643498
2.26,-0.00367218091640062,0.0203268732380157,0.102480145460548,0.450142403412872
2.28,-0.00317227811881826,0.0206999496087318,0.102290177379367,0.44733429738849
2.3,-0.00268595690851883,0.0210650715142801,0.102112781972702,0.444621141717923
2.32,-0.002212807602753,0.0214223681926745,0.101947148036619,0.441998384457665
2.34,-0.00175243272380388,0.021771972211437,0.101792521553348,0.439461754405218
2.36,-0.00130444667661767,0.0221140187788133,0.10164820113182,0.437007240006662
2.38,-0.000868475435327976,0.0224486451287426,0.101513533862594,0.434631070126714
2.4,-0.00044415623777827,0.0227759899719511,0.101387911544472,0.432329696492889
2.42,-3.11372873669225e-05,0.0230961930064553,0.10127076724501,0.43009977764675
2.44,0.000370922538380281,0.023409394481462,0.101161572161456,0.427938164253984
2.46,0.000762353972948798,0.0237157348093459,0.101059832752405,0.425841885641438
2.48,0.00114347764008105,0.0240153542209255,0.100965088113748,0.423808137443641
2.5,0.00151460432739264,0.0243083924597882,0.100876907575407,0.421834270253977
2.52,0.00187603525461383,0.0245949885118361,0.100794888497849,0.419917779186822
2.54,0.00222806233659825,0.0248752803666418,0.100718654249638,0.418056294266799
2.56,0.00257096844126431,0.025149404807519,0.100647852349249,0.416247571569964
2.58,0.00290502764252792,0.0254174972275405,0.1005821527561,0.414489485049452
2.6,0.00323050546832063,0.0256796914690136,0.100521246297312,0.4127800189849
2.62,0.00354765914372646,0.0259361196841318,0.100464843218066,0.411117261001049
2.64,0.00385673782926477,0.0261869122147973,0.100412671844642,0.409499395606283
2.66,0.00415798285434546,0.0264321974897268,0.100364477350299,0.40792469820667
2.68,0.00445162794589918,0.026672101937208,0.100320020615122,0.406391529555343
2.7,0.00473789945218656,0.0269067499119577,0.100279077171824,0.404898330600887
2.72,0.00501701656179659,0.0271362636347271,0.100241436230225,0.403443617701794
2.74,0.00528919151782611,0.0273607631433982,0.100206899773861,0.402025978177144
2.76,0.00555462982724464,0.027580366254426,0.100175281722746,0.400644066166364
2.78,0.0058135304654596,0.0277951885336075,0.100146407156891,0.399296598773437
2.8,0.00606608607608464,0.0280053432752377,0.100120111595653,0.397982352473106
2.82,0.0063124831659094,0.0282109414887772,0.100096240328439,0.396700159758632
2.84,0.00655290229512953,0.0284120918922807,0.100074647792712,0.395448906012466
2.86,0.00678751826281018,0.0286089009118618,0.100055196995551,0.394227526582797
2.88,0.00701650028765058,0.028801472686555,0.100037758975405,0.393035004050432
2.9,0.00724001218406262,0.0289899090779688,0.10002221230093,0.391870365671768
2.92,0.00745821253361539,0.0291743096842312,0.100008442604078,0.39073268098482
2.94,0.00767125485187845,0.0293547718577033,0.0999963421448475,0.389621059566363
2.96,0.00787928775072749,0.0295313907260346,0.0999858094053258,0.38853464892923
2.98,0.00808245509614886,0.0297042592161585,0.0999767487108409,0.3874726325497
3,0.00828089616162087,0.0298734680808461,0.0999690698762218,0.386434228015729
3.02,0.00847474577712526,0.0300391059274976,0.0999626878753479,0.385418685287517
3.04,0.00866413447385272,0.0302012592488639,0.0999575225322784,0.384425285062579
3.06,0.00884918862468131,0.0303600124554177,0.0999534982324328,0.38345333723811
3.08,0.00903003058049201,0.0305154479091172,0.0999505436523793,0.382502179463983
3.1,0.00920677880241208,0.03066764595836,0.0999485915069181,0.381571175780239
3.12,0.00937954799003909,0.0308166849738934,0.099947578312251,0.380659715333406
3.14,0.00954844920576844,0.0309626413854977,0.0999474441641107,0.379767211166403
3.16,0.00971358999524827,0.0311055897193032,0.0999481325298235,0.378893099077172
3.18,0.0098750745041154,0.0312456026355411,0.0999495900533396,0.37803683654156
3.2,0.0100330035910267,0.031382750966631,0.0999517663723642,0.377197901696292
3.22,0.0101874749371339,0.0315171037554636,0.0999546139467481,0.376375792378174
3.24,0.0103385831520413,0.031648728293761,0.099958087897408,0.375570025215963
3.26,0.0104864198763609,0.0317776901604369,0.0999621458550538,0.374780134771577
3.28,0.010631073880948,0.0319040532598387,0.0999667478180868,0.37400567272756
3.3,0.0107726311628881,0.0320278798598213,0.0999718560190569,0.373246207117949
3.32,0.0109111750383419,0.0321492306295542,0.0999774347991271,0.372501321599869
3.34,0.0110467862323229,0.0322681646770283,0.0999834504900162,0.371770614763372
3.36,0.0111795429655008,0.0323847395861686,0.0999898713029537,0.371053699477226
3.38,0.0113095210380914,0.0324990114535471,0.0999966672241745,0.370350202268483
3.4,0.0114367939109689,0.0326110349246269,0.100003809916558,0.369659762733833
3.42,0.0115614327840163,0.032720863229496,0.100011272627009,0.368982032980868
3.44,0.0116835066718409,0.0328285482180784,0.10001903009923,0.368316677097503
3.46,0.0118030824769362,0.0329341403947903,0.100027058491533,0.367663370647931
3.48,0.0119202250603203,0.0330376889525978,0.10003533529939,0.367021800193575
3.5,0.0120349973098048,0.0331392418064886,0.100043839282431,0.366391662837626
3.52,0.0121474602058885,0.0332388456263143,0.100052550395597,0.365772665791814
3.54,0.0122576728854176,0.0333365458690101,0.100061449724215,0.365164525964179
3.56,0.0123656927030331,0.0334323868101758,0.10007051942275,0.36456696956666
3.58,0.0124715752905215,0.0335264115749891,0.100079742657001,0.363979731741414
3.6,0.0125753746140934,0.0336186621685004,0.100089103549549,0.363402556204833
3.62,0.0126771430296937,0.0337091795052411,0.100098587128255,0.362835194908292
3.64,0.0127769313363901,0.0337980034381937,0.10010817927762,0.36227740771473
3.66,0.0128747888279068,0.0338851727870979,0.100117866692851,0.36172896209021
3.68,0.0129707633423721,0.0339707253661084,0.100127636836463,0.361189632809658
3.7,0.0130649013103267,0.034054698010797,0.100137477897273,0.36065920167604
3.72,0.0131572478010751,0.0341371266045213,0.100147378751639,0.360137457252256
3.74,0.0132478465674028,0.0342180461041317,0.100157328926826,0.359624194605104
3.76,0.0133367400887578,0.0342974905650767,0.10016731856636,0.359119215060679
3.78,0.0134239696129009,0.034375493165854,0.100177338397277,0.358622325970623
3.8,0.0135095751961364,0.0344520862318671,0.10018737969913,0.35813334048867
3.82,0.0135935957421045,0.0345273012586568,0.100197434274676,0.35765207735697
3.84,0.0136760690392496,0.0346011689345471,0.100207494422143,0.357178360701694
3.86,0.0137570317969678,0.0346737191626993,0.100217552908978,0.356712019837451
3.88,0.0138365196804968,0.0347449810825857,0.100227602947005,0.356252889080099
3.9,0.0139145673446004,0.0348149830908936,0.100237638168899,0.355800807567512
3.92,0.0139912084660645,0.0348837528618805,0.100247652605925,0.355355619087929
3.94,0.014066475775084,0.0349513173671781,0.100257640666841,0.354917171915514
3.96,0.0141404010855385,0.0350177028950633,0.100267597117931,0.354485318652776
3.98,0.0142130153242276,0.0350829350692023,0.100277517064082,0.354059916079511
4,0.0142843485590994,0.0351470388668927,0.100287395930861,0.353640825007979
