rho_over_rhoc,tau_boundary,r
1.00000999996555,0.000333328359847322,0.01
1.00024118073852,0.00163648618050135,0.0491122552608875
1.00077814168518,0.00293740482727928,0.088224510521775
1.00162053341669,0.00423430957984114,0.127336765782662
1.00276780785642,0.00552544021991552,0.16644902104355
1.00421921866405,0.00680905732182562,0.205561276304437
1.00597382182112,0.00808344839407276,0.244673531565325
1.00803047638459,0.00934693382921917,0.283785786826212
1.01038784541535,0.0105978726216249,0.3228980420871
1.01304439709139,0.0118346678153682,0.362010297347987
1.01599840601543,0.0130557716478553,0.401122552608875
1.01924795472849,0.0142596903581631,0.440234807869762
1.02279093544114,0.015444988632975,0.47934706313065
1.02662505199498,0.0166102936670234,0.518459318391537
1.03074782206685,0.0177542988191491,0.557571573652425
1.03515657962849,0.0188757668493845,0.596683828913312
1.03984847767399,0.0199735327267862,0.6357960841742
1.04482049122674,0.0210465060020058,0.674908339435087
1.05006942063704,0.0220936727427733,0.714020594695975
1.05559189518027,0.0231140970344661,0.753132849956862
1.06138437696425,0.024106922051751,0.79224510521775
1.06744316515305,0.0250713707108327,0.831357360478637
1.07376440051264,0.0260067459151103,0.870469615739525
1.08034407028205,0.0269124304099823,0.909581871000412
1.08717801337142,0.0277878862651508,0.9486941262613
1.09426192588636,0.0286326540050226,0.987806381522187
1.1015913669756,0.029446351409688,1.02691863678307
1.10916176499665,0.0302286720104882,1.06603089204396
1.11696842399168,0.0309793833053377,1.10514314730485
1.12500653046339,0.031698324719787,1.14425540256574
1.13327116043839,0.0323854053402939,1.18336765782662
1.14175728680306,0.0330406014463404,1.22247991308751
1.15045978689467,0.0336639538679044,1.2615921683484
1.15937345032823,0.0342555651944207,1.30070442360929
1.16849298703772,0.0348155968607305,1.33981667887017
1.17781303550816,0.0353442661346873,1.37892893413106
1.18732817117342,0.0358418430300815,1.41804118939195
1.19703291495305,0.0363086471673651,1.45715344465284
1.20692174190012,0.0367450446033878,1.49626569991372
1.21698908993097,0.0371514446499553,1.53537795517461
1.2272293686067,0.0375282966995795,1.5744902104355
1.23763696793597,0.0378760870752822,1.61360246569639
1.24820626716777,0.0381953359197987,1.65271472095727
1.25893164354326,0.038486594137994,1.69182697621816
1.26980748097527,0.0387504404047999,1.73093923147905
1.28082817862486,0.0389874782494951,1.77005148673994
1.29198815934473,0.0391983332257191,1.80916374200082
1.30328187795986,0.0393836501752248,1.84827599726171
1.31470382935721,0.0395440905920609,1.8873882525226
1.326248556357,0.0396803300926301,1.92650050778349
1.3379106573399,0.0397930559959012,1.96561276304437
1.3496847936057,0.0398829650169699,2.00472501830526
1.36156569644083,0.0399507610761574,2.04383727356615
1.37354817387402,0.039997153224925,2.08294952882704
1.3856271171011,0.0400228536890387,2.12206178408792
1.39779750656216,0.0400285760286824,2.16117403934881
1.41005441765617,0.0400150334145373,2.2002862946097
1.42239302608059,0.0399829370182594,2.23939854987059
1.43480861278525,0.0399329945152673,2.27851080513147
1.44729656853229,0.0398659086973152,2.31762306039236
1.45985239805602,0.0397823761919348,2.35673531565325
1.47247172381851,0.0396830862855223,2.39584757091414
1.48515028935914,0.0395687198465821,2.43495982617502
1.49788396223802,0.0394399483454349,2.47407208143591
1.51066873657538,0.0392974329665401,2.5131843366968
1.5235007351909,0.0391418238094623,2.55229659195769
1.53637621134851,0.0389737591744463,2.59140884721857
1.54929155011416,0.0387938649285134,2.63052110247946
1.56224326933539,0.0386027539479962,2.66963335774035
1.57522802025308,0.0384010256334338,2.70874561300124
1.58824258775709,0.0381892654928027,2.74785786826212
1.6012838902985,0.0379680447891116,2.78697012352301
1.61434897947256,0.0377379202484833,2.8260823787839
1.62743503928702,0.0374994338249179,2.86519463404479
1.64053938513154,0.0372531125180627,2.90430688930567
1.6536594624644,0.0369994682404148,2.94341914456656
1.66679284523346,0.0367389977305053,2.98253139982745
1.67993723404839,0.0364721825087557,3.02164365508834
1.69309045412188,0.0361994888728178,3.06075591034922
1.70625045299734,0.0359213679293441,3.09986816561011
1.71941529808105,0.0356382556592843,3.138980420871
1.73258317399619,0.0353505730139245,3.17809267613189
1.74575237977663,0.0350587260390346,3.21720493139277
1.75892132591752,0.0347631060246124,3.25631718665366
1.77208853129998,0.0344640896778572,3.29542944191455
1.78525262000635,0.0341620393171232,3.33454169717544
1.79841231804232,0.0338573030847279,3.37365395243632
1.81156644998155,0.0335502151766352,3.41276620769721
1.82471393554793,0.0332410960871109,3.4518784629581
1.83785378614997,0.032930252866602,3.49099071821899
1.85098510138129,0.0326179793911753,3.53010297347987
1.86410706550019,0.0323045566419609,3.56921522874076
1.87721894390091,0.0319902529931565,3.60832748400165
1.8903200795884,0.031675324507234,3.64743973926254
1.9034098896674,0.0313600152360796,3.68655199452342
1.91648786185625,0.0310445575268991,3.72566424978431
1.92955355103503,0.0307291723317916,3.7647765050452
1.94260657583655,0.0304140695199777,3.80388876030609
1.9556466152885,0.0300994481917388,3.84300101556697
1.96867340551395,0.0297854969932093,3.88211327082786
1.98168673649676,0.0294723944312077,3.92122552608875
1.99468644891799,0.0291603091873824,3.96033778134964
2.00767243106835,0.0288494004309826,3.99945003661052
2.02064461584145,0.0285398181296443,4.03856229187141
2.03360297781174,0.0282317033576205,4.0776745471323
2.04654753040045,0.0279251886009361,4.11678680239319
2.0594783231325,0.0276203980590063,4.15589905765407
2.07239543898649,0.0273174479422909,4.19501131291496
2.08529899183959,0.0270164467656051,4.23412356817585
2.0981891240086,0.0267174956367468,4.27323582343674
2.11106600388797,0.0264206885401306,4.31234807869762
2.12392982368518,0.0261261126151727,4.35146033395851
2.13678079725354,0.025833848429175,4.3905725892194
2.14961915802205,0.025543970244524,4.42968484448029
2.16244515702154,0.0252565462800044,4.46879709974117
2.17525906100631,0.0249716389661042,4.50790935500206
2.18806115066974,0.0246893051941692,4.54702161026295
2.20085171895277,0.0244095965593224,4.58613386552384
2.21363106944307,0.0241325595970579,4.62524612078472
2.22639951486333,0.0238582360134622,4.66435837604561
2.23915737564647,0.0235866629090234,4.7034706313065
2.25190497859555,0.0233178729960072,4.74258288656739
2.26464265562595,0.0230518948093966,4.78169514182827
2.27737074258748,0.0227887529114076,4.82080739708916
2.2900895781638,0.0225284680896103,4.85991965235005
2.30279950284655,0.0222710575486906,4.89903190761094
2.31550085798145,0.0220165350959014,4.93814416287182
2.32819398488377,0.021764911320272,4.97725641813271
2.34087922402036,0.0215161937656403,5.0163686733936
2.35355691425549,0.0212703870975915,5.05548092865449
2.3662273921578,0.0210274932643914,5.09459318391537
2.37889099136565,0.0207875116520104,5.13370543917626
2.39154804200804,0.0205504392333381,5.17281769443715
2.40419887017856,0.0203162707117013,5.21192994969804
2.41684379745971,0.0200849986587911,5.25104220495892
2.42948314049487,0.0198566136471216,5.29015446021981
2.44211721060558,0.0196311043771436,5.3292667154807
2.45474631345155,0.0194084577991305,5.36837897074159
2.4673707487309,0.0191886592299663,5.40749122600247
2.47999080991846,0.0189716924649692,5.44660348126336
2.49260678403979,0.0187575398848794,5.48571573652425
2.50521895147851,0.0185461825581307,5.52482799178514
2.51782758581515,0.0183376003385627,5.56394024704602
2.53043295369523,0.0181317719586843,5.60305250230691
2.54303531472468,0.0179286751186384,5.6421647575678
2.55563492139061,0.0177282865709846,5.68127701282869
2.56823201900569,0.0175305822014469,5.72038926808957
2.58082684567441,0.0173355371057489,5.75950152335046
2.5934196322796,0.0171431256626772,5.79861377861135
2.6060106024872,0.0169533216034757,5.83772603387224
2.61859997276853,0.0167660980777407,5.87683828913312
2.63118795243787,0.0165814277158993,5.91595054439401
2.64377474370448,0.0163992826884278,5.9550627996549
2.6563605417375,0.0162196347619066,5.99417505491579
2.66894553474253,0.016042455352049,6.03328731017667
2.68152990404907,0.0158677155738173,6.07239956543756
2.69411382420696,0.0156953862887222,6.11151182069845
2.70669746309186,0.0155254381494561,6.15062407595934
2.71928098201773,0.0153578416419248,6.18973633122022
2.73186453585614,0.0151925671248162,6.22884858648111
2.74444827316135,0.0150295848668015,6.267960841742
2.75703233630027,0.0148688650814649,6.30707309700289
2.76961686158647,0.0147103779600579,6.34618535226377
2.78220197941806,0.0145540937021914,6.38529760752466
2.79478781441804,0.0143999825445325,6.42440986278555
2.80737448557734,0.014248014787625,6.46352211804644
2.81996210639917,0.0140981608208877,6.50263437330732
2.83255078504498,0.0139503911459088,6.54174662856821
2.84514062448083,0.0138046763980858,6.5808588838291
2.85773172262441,0.0136609873667216,6.61997113908999
2.87032417249161,0.0135192950136169,6.65908339435087
2.88291806234307,0.0133795704902701,6.69819564961176
2.8955134758296,0.0132417851537219,6.73730790487265
2.90811049213684,0.0131059105811376,6.77642016013354
2.92070918612837,0.0129719185831761,6.81553241539442
2.93330962848725,0.0128397812162102,6.85464467065531
2.94591188585602,0.0127094707934778,6.8937569259162
2.95851602097449,0.0125809598951931,6.93286918117709
2.97112209281526,0.012454221377687,6.97198143643797
2.98373015671733,0.0123292283816431,7.01109369169886
2.9963402645169,0.0122059543394533,7.05020594695975
3.00895246467582,0.0120843729817685,7.08931820222064
3.02156680240729,0.0119644583432675,7.12843045748152
3.03418331979884,0.011846184767709,7.16754271274241
3.04680205593253,0.0117295269122959,7.2066549680033
3.05942304700246,0.011614459751406,7.24576722326419
3.07204632642891,0.0115009585797044,7.28487947852507
3.08467192497015,0.0113889990147071,7.32399173378596
3.09729987083081,0.0112785569988029,7.36310398904685
3.10993018976768,0.0111696088007872,7.40221624430774
3.12256290519213,0.0110621310169202,7.44132849956862
3.13519803827005,0.0109561005715684,7.48044075482951
3.14783560801846,0.0108514947174247,7.5195530100904
3.16047563139936,0.0107482910353606,7.55866526535129
3.17311812341058,0.0106464674339244,7.59777752061217
3.18576309717411,0.0105460021485226,7.63688977587306
3.19841056402109,0.0104468737402861,7.67600203113395
3.21106053357415,0.0103490610946562,7.71511428639484
3.22371301382747,0.0102525434197362,7.75422654165572
3.23636801122332,0.0101573002443674,7.79333879691661
3.24902553072675,0.0100633114160216,7.8324510521775
3.26168557589706,0.00997055709846638,7.87156330743839
3.27434814895702,0.00987901776925721,7.91067556269927
3.28701325085957,0.00978867421706315,7.94978781796016
3.29968088135206,0.00969950753883337,7.98890007322105
3.31235103903794,0.00961149913682512,8.02801232848194
3.32502372143647,0.00952463071551242,8.06712458374282
3.33769892503992,0.00943888427837769,8.10623683900371
3.35037664536839,0.00935424212459441,8.1453490942646
3.36305687702307,0.00927068684563965,8.18446134952548
3.3757396137368,0.00918820132180691,8.22357360478637
3.38842484842281,0.00910676871865826,8.26268586004726
3.40111257322184,0.00902637248342427,8.30179811530815
3.41380277954668,0.00894699634133357,8.34091037056904
3.42649545812552,0.00886862429191918,8.38002262582992
3.439190599043,0.00879124060527071,8.41913488109081
3.45188819177975,0.00871482981826909,8.4582471363517
3.46458822525065,0.00863937673080812,8.49735939161259
3.47729068784033,0.00856486640196527,8.53647164687347
3.48999556743852,0.00849128414620727,8.57558390213436
3.50270285147282,0.00841861552955758,8.61469615739525
3.51541252694056,0.00834684636577882,8.65380841265613
3.52812458043875,0.00827596271254733,8.69292066791702
3.5408389981936,0.00820595086766319,8.73203292317791
3.55355576608752,0.00813679736523637,8.7711451784388
3.56627486968579,0.00806848897191828,8.81025743369969
3.57899629426169,0.00800101268314186,8.84936968896057
3.59172002482017,0.00793435571937812,8.88848194422146
3.60444604612101,0.00786850552243305,8.92759419948235
3.61717434270039,0.007803449751762,8.96670645474324
3.62990489889152,0.00773917628081289,9.00581871000412
3.64263769884468,0.00767567319341823,9.04493096526501
3.65537272654552,0.00761292878019661,9.0840432205259
3.66810996583317,0.00755093153501131,9.12315547578678
3.68084940041697,0.00748967015145523,9.16226773104767
3.69359101389267,0.00742913351938098,9.20137998630856
3.70633478975771,0.00736931072147039,9.24049224156945
3.71908071142565,0.00731019102984299,9.27960449683034
3.73182876223992,0.00725176390271016,9.31871675209122
3.74457892548658,0.007194018981063,9.35782900735211
3.75733118440708,0.00713694608542537,9.396941262613
3.77008552220981,0.00708053521263484,9.43605351787389
3.78284192208065,0.00702477653266054,9.47516577313477
3.79560036719417,0.00696966038549844,9.51427802839566
3.80836084072273,0.00691517727807398,9.55339028365655
3.82112332584648,0.00686131788122721,9.59250253891743
3.83388780576136,0.00680807302670791,9.63161479417832
3.84665426368827,0.00675543370425834,9.67072704943921
3.85942268287991,0.0067033910586967,9.7098393047001
3.87219304662891,0.00665193638709042,9.74895155996098
3.88496533827419,0.00660106113594294,9.78806381522187
3.89773954120742,0.00655075689843983,9.82717607048276
3.91051563887975,0.00650101541175525,9.86628832574365
3.92329361480649,0.00645182855436714,9.90540058100454
3.93607345257326,0.00640318834345886,9.94451283626542
3.94885513584064,0.00635508693233971,9.98362509152631
3.96163864834855,0.006307516607912,10.0227373467872
3.97442397392113,0.00626046978820107,10.0618496020481
3.98721109647035,0.00621393901990615,10.100961857309
4.00000000000002,0.00616791697601288,10.1400741125699
