r,rho,m,saddle_m,metastable_m,global_m
0.001,2.99700618484227,0.000333333311111113,0.000333333311111113,nan,nan
0.0227011686143573,2.9349243421896,0.00756679624222301,0.00756679624222301,nan,nan
0.0444023372287145,2.87783160893724,0.0147988340590608,0.0147988340590608,nan,nan
0.0661035058430718,2.82506752935431,0.0220280857125523,0.0220280857125523,nan,nan
0.0878046744574291,2.776095784522,0.0292531926503443,0.0292531926503443,nan,nan
0.109505843071786,2.73047479393263,0.036472800030884,0.036472800030884,nan,nan
0.131207011686144,2.68783656257556,0.0436855579301039,0.0436855579301039,nan,nan
0.152908180300501,2.64787113740378,0.0508901225384468,0.0508901225384468,nan,nan
0.174609348914858,2.61031497307395,0.0580851573458876,0.0580851573458876,nan,nan
0.196310517529215,2.57494208054808,0.0652693343126387,0.0652693343126387,nan,nan
0.218011686143573,2.54155719431752,0.0724413350233037,0.0724413350233037,nan,nan
0.23971285475793,2.50999042868284,0.0795998518223255,0.0795998518223255,nan,nan
0.261414023372287,2.48009304915014,0.0867435889285533,0.0867435889285533,nan,nan
0.283115191986644,2.45173409036935,0.0938712635269208,0.0938712635269208,nan,nan
0.304816360601002,2.42479762473423,0.100981606835231,0.100981606835231,nan,nan
0.326517529215359,2.39918053676828,0.108073365144166,0.108073365144166,nan,nan
0.348218697829716,2.37479069476946,0.115145300828707,0.115145300828707,nan,nan
0.369919866444073,2.35154543745674,0.122196193329254,0.122196193329254,nan,nan
0.391621035058431,2.3293703125976,0.129224840100828,0.129224840100828,nan,nan
0.413322203672788,2.30819801884954,0.13623005752883,0.13623005752883,nan,nan
0.435023372287145,2.28796751272872,0.143210681809969,0.143210681809969,nan,nan
0.456724540901502,2.26862325070402,0.150165569797028,0.150165569797028,nan,nan
0.47842570951586,2.25011454259356,0.157093599806304,0.157093599806304,nan,nan
0.500126878130217,2.23239499720538,0.163993672386635,0.163993672386635,nan,nan
0.521828046744574,2.21542204486902,0.170864711049049,0.170864711049049,nan,nan
0.543529215358932,2.19915652440729,0.177705662956197,0.177705662956197,nan,nan
0.565230383973289,2.18356232438978,0.184515499570847,0.184515499570847,nan,nan
0.586931552587646,2.16860607033097,0.19129321726282,0.19129321726282,nan,nan
0.608632721202003,2.15425685095324,0.198037837873884,0.198037837873884,nan,nan
0.630333889816361,2.14048597780798,0.204748409240226,0.204748409240226,nan,nan
0.652035058430718,2.12726677349803,0.211424005672247,0.211424005672247,nan,nan
0.673736227045075,2.11457438451764,0.218063728391529,0.218063728391529,nan,nan
0.695437395659432,2.102385615359,0.224666705924937,0.224666705924937,nan,nan
0.71713856427379,2.0906787810548,0.231232094455943,0.231232094455943,nan,nan
0.738839732888147,2.07943357575612,0.237759078133332,0.237759078133332,nan,nan
0.760540901502504,2.06863095530197,0.244246869337595,0.244246869337595,nan,nan
0.782242070116861,2.05825303203425,0.25069470890537,0.25069470890537,nan,nan
0.803943238731219,2.04828298036095,0.257101866312428,0.257101866312428,nan,nan
0.825644407345576,2.03870495177936,0.263467639815757,0.263467639815757,nan,nan
0.847345575959933,2.02950399824798,0.269791356555422,0.269791356555422,nan,nan
0.869046744574291,2.02066600294463,0.276072372616905,0.276072372616905,nan,nan
0.890747913188648,2.01217761757562,0.282310073054786,0.282310073054786,nan,nan
0.912449081803005,2.0040262055084,0.288503871878611,0.288503871878611,nan,nan
0.934150250417362,1.99619979009304,0.29465321200194,0.29465321200194,nan,nan
0.95585141903172,1.9886870076166,0.300757565155564,0.300757565155564,nan,nan
0.977552587646077,1.98147706440297,0.306816431766,0.306816431766,nan,nan
0.999253756260434,1.97455969762919,0.312829340800358,0.312829340800358,nan,nan
1.02095492487479,1.96792513948031,0.318795849578793,0.318795849578793,nan,nan
1.04265609348915,1.96156408430866,0.324715543555727,0.324715543555727,nan,nan
1.06435726210351,1.9554676585018,0.33058803607112,0.33058803607112,nan,nan
1.08605843071786,1.9496273927967,0.336412968073068,0.336412968073068,nan,nan
1.10775959933222,1.94403519680686,0.34219000781303,0.34219000781303,nan,nan
1.12946076794658,1.93868333555449,0.347918850515042,0.347918850515042,nan,nan
1.15116193656093,1.93356440782226,0.35359921802024,0.35359921802024,nan,nan
1.17286310517529,1.92867132615876,0.359230858408083,0.359230858408083,nan,nan
1.19456427378965,1.9239972983892,0.364813545595624,0.364813545595624,nan,nan
1.21626544240401,1.91953581049796,0.370347078916211,0.370347078916211,nan,nan
1.23796661101836,1.91528061076333,0.375831282678993,0.375831282678993,nan,nan
1.25966777963272,1.91122569503653,0.381266005710591,0.381266005710591,nan,nan
1.28136894824708,1.90736529306795,0.386651120880298,0.386651120880298,nan,nan
1.30307011686144,1.90369385579273,0.391986524610142,0.391986524610142,nan,nan
1.32477128547579,1.90020604349643,0.397272136371162,0.397272136371162,nan,nan
1.34647245409015,1.89689671478899,0.402507898167181,0.402507898167181,nan,nan
1.36817362270451,1.89376091632167,0.407693774007383,0.407693774007383,nan,nan
1.38987479131886,1.89079387318808,0.412829749368951,0.412829749368951,nan,nan
1.41157595993322,1.88799097995534,0.417915830650997,0.417915830650997,nan,nan
1.43327712854758,1.88534779227656,0.422952044620997,0.422952044620997,nan,nan
1.45497829716194,1.88286001903997,0.427938437854898,0.427938437854898,nan,nan
1.47667946577629,1.88052351501405,0.432875076172044,0.432875076172044,nan,nan
1.49838063439065,1.87833427395152,0.43776204406602,0.43776204406602,nan,nan
1.52008180300501,1.87628842211813,0.442599444132483,0.442599444132483,nan,nan
1.54178297161937,1.87438221221522,0.447387396495016,0.447387396495016,nan,nan
1.56348414023372,1.87261201766737,0.452126038229986,0.452126038229986,nan,nan
1.58518530884808,1.87097432724927,0.456815522791365,0.456815522791365,nan,nan
1.60688647746244,1.86946574002742,0.461456019436421,0.461456019436421,nan,nan
1.62858764607679,1.86808296059487,0.466047712653143,0.466047712653143,nan,nan
1.65028881469115,1.86682279457852,0.470590801590242,0.470590801590242,nan,nan
1.67198998330551,1.86568214440034,0.475085499490499,0.475085499490499,nan,nan
1.69369115191987,1.86465800527515,0.479532033128203,0.479532033128203,nan,nan
1.71539232053422,1.86374746142925,0.483930642251405,0.483930642251405,nan,nan
1.73709348914858,1.86294768252491,0.48828157902961,0.48828157902961,nan,nan
1.75879465776294,1.86225592027744,0.49258510750757,0.49258510750757,nan,nan
1.7804958263773,1.86166950525206,0.496841503065715,0.496841503065715,nan,nan
1.80219699499165,1.86118584382901,0.501051051887804,0.501051051887804,nan,nan
1.82389816360601,1.86080241532621,0.505214050436251,0.505214050436251,nan,nan
1.84559933222037,1.86051676926928,0.509330804935633,0.509330804935633,nan,nan
1.86730050083472,1.86032652279993,0.513401630864761,0.513401630864761,nan,nan
1.88900166944908,1.86022935821383,0.517426852457735,0.517426852457735,nan,nan
1.90136438772575,1.8602147570272,0.519699677025804,nan,0.519699677025804,nan
1.91070283806344,1.86022302062025,0.521406802214313,nan,0.521406802214313,nan
1.9324040066778,1.86030531571578,0.525341820419917,nan,0.525341820419917,nan
1.95410517529215,1.86047410766542,0.529232254675559,nan,0.529232254675559,nan
1.97580634390651,1.86072731708451,0.533078459437936,nan,0.533078459437936,nan
1.99750751252087,1.86106291911552,0.536880795569907,nan,0.536880795569907,nan
2.01920868113523,1.86147894159414,0.540639629901552,nan,0.540639629901552,nan
2.04090984974958,1.86197346329944,0.544355334801956,nan,0.544355334801956,nan
2.06261101836394,1.86254461228325,0.548028287761862,nan,0.548028287761862,nan
2.0843121869783,1.86319056427424,0.551658870987288,nan,0.551658870987288,nan
2.10601335559265,1.86390954115242,0.555247471004194,nan,0.555247471004194,nan
2.12771452420701,1.86469980949013,0.558794478274241,nan,0.558794478274241,nan
2.14941569282137,1.86555967915586,0.562300286821695,nan,0.562300286821695,nan
2.17111686143573,1.8664875019773,0.565765293871459,nan,0.565765293871459,nan
2.19281803005008,1.86748167046055,0.569189899498242,nan,0.569189899498242,nan
2.21451919866444,1.86854061656231,0.572574506286826,nan,0.572574506286826,nan
2.2362203672788,1.86966281051226,0.575919519003385,nan,0.575919519003385,nan
2.25792153589316,1.87084675968302,0.579225344277784,nan,0.579225344277784,nan
2.27962270450751,1.87209100750502,0.582492390296786,nan,0.582492390296786,nan
2.30132387312187,1.87339413242418,0.585721066508065,nan,0.585721066508065,nan
2.32302504173623,1.87475474689991,0.588911783334912,nan,0.588911783334912,nan
2.34472621035058,1.87617149644158,0.592064951901514,nan,0.592064951901514,nan
2.36642737896494,1.87764305868146,0.595180983768671,nan,0.595180983768671,nan
2.3881285475793,1.87916814248223,0.598260290679809,nan,0.598260290679809,nan
2.40982971619366,1.88074548707738,0.601303284317122,nan,0.601303284317122,nan
2.43153088480801,1.88237386124295,0.604310376067689,nan,0.604310376067689,nan
2.45323205342237,1.88405206249898,0.607281976799389,nan,0.607281976799389,nan
2.47493322203673,1.88577891633932,0.610218496646441,nan,0.610218496646441,nan
2.49663439065109,1.88755327548837,0.61312034480437,nan,0.61312034480437,nan
2.51833555926544,1.88937401918356,0.615987929334211,nan,0.615987929334211,nan
2.5400367278798,1.89124005248232,0.618821656975776,nan,0.618821656975776,nan
2.56173789649416,1.89315030559243,0.621621932969739,nan,0.621621932969739,nan
2.58343906510851,1.89510373322463,0.624389160888384,nan,0.624389160888384,nan
2.60514023372287,1.8970993139666,0.627123742474769,nan,0.627123742474769,nan
2.62684140233723,1.89913604967722,0.629826077490121,nan,0.629826077490121,nan
2.64854257095159,1.9012129649003,0.632496563569236,nan,0.632496563569236,nan
2.67024373956594,1.9033291062969,0.635135596083687,nan,0.635135596083687,nan
2.6919449081803,1.90548354209548,0.637743568012603,nan,0.637743568012603,nan
2.71364607679466,1.90767536155899,0.640320869820833,nan,0.640320869820833,nan
2.73534724540901,1.9099036744684,0.642867889344265,nan,0.642867889344265,nan
2.75704841402337,1.91216761062175,0.64538501168208,nan,0.64538501168208,nan
2.77874958263773,1.91446631934829,0.647872619095758,nan,0.647872619095758,nan
2.80045075125209,1.91679896903692,0.650331090914589,nan,0.650331090914589,nan
2.82215191986644,1.91916474667849,0.652760803447516,nan,0.652760803447516,nan
2.8438530884808,1.92156285742133,0.655162129901068,nan,0.655162129901068,nan
2.86555425709516,1.92399252413953,0.657535440303209,nan,0.657535440303209,nan
2.88219417494205,1.9258764317839,0.659336488158192,nan,0.659336488158192,0.659336488158192
2.88725542570952,1.92645298701341,0.659881101432884,nan,nan,0.659881101432884
2.90895659432387,1.9289435031219,0.662199476755063,nan,nan,0.662199476755063
2.93065776293823,1.93146334604606,0.664490926361095,nan,nan,0.664490926361095
2.95235893155259,1.93401180548367,0.666755806914168,nan,nan,0.666755806914168
2.97406010016695,1.93658818687427,0.668994471599697,nan,nan,0.668994471599697
2.9957612687813,1.93919181103425,0.671207270080438,nan,nan,0.671207270080438
3.01746243739566,1.94182201380186,0.673394548456161,nan,nan,0.673394548456161
3.03916360601002,1.94447814569148,0.675556649227686,nan,nan,0.675556649227686
3.06086477462437,1.94715957155707,0.677693911265127,nan,nan,0.677693911265127
3.08256594323873,1.94986567026435,0.679806669780145,nan,nan,0.679806669780145
3.10426711185309,1.9525958343715,0.681895256302069,nan,nan,0.681895256302069
3.12596828046745,1.95534946981798,0.683959998657701,nan,nan,0.683959998657701
3.1476694490818,1.95812599562132,0.686001220954655,nan,nan,0.686001220954655
3.16937061769616,1.96092484358154,0.688019243568073,nan,nan,0.688019243568073
3.19107178631052,1.96374545799303,0.690014383130562,nan,nan,0.690014383130562
3.21277295492487,1.9665872953635,0.691986952525206,nan,nan,0.691986952525206
3.23447412353923,1.96944982413998,0.693937260881512,nan,nan,0.693937260881512
3.25617529215359,1.9723325244415,0.695865613574145,nan,nan,0.695865613574145
3.27787646076795,1.9752348877983,0.697772312224323,nan,nan,0.697772312224323
3.2995776293823,1.97815641689734,0.699657654703732,nan,nan,0.699657654703732
3.32127879799666,1.981096625334,0.70152193514084,nan,nan,0.70152193514084
3.34297996661102,1.98405503736966,0.703365443929484,nan,nan,0.703365443929484
3.36468113522538,1.98703118769512,0.705188467739608,nan,nan,0.705188467739608
3.38638230383973,1.99002462119959,0.706991289530042,nan,nan,0.706991289530042
3.40808347245409,1.99303489274513,0.708774188563202,nan,nan,0.708774188563202
3.42978464106845,1.99606156694642,0.71053744042161,nan,nan,0.71053744042161
3.4514858096828,1.9991042179556,0.712281317026123,nan,nan,0.712281317026123
3.47318697829716,2.00216242925222,0.714006086655778,nan,nan,0.714006086655778
3.49488814691152,2.00523579343793,0.715712013969144,nan,nan,0.715712013969144
3.51658931552588,2.008323912036,0.717399360027101,nan,nan,0.717399360027101
3.53829048414023,2.01142639529542,0.719068382316944,nan,nan,0.719068382316944
3.55999165275459,2.01454286199944,0.720719334777729,nan,nan,0.720719334777729
3.58169282136895,2.01767293927854,0.722352467826784,nan,nan,0.722352467826784
3.60339398998331,2.0208162624276,0.723968028387291,nan,nan,0.723968028387291
3.62509515859766,2.02397247472724,0.725566259916874,nan,nan,0.725566259916874
3.64679632721202,2.02714122726916,0.727147402437109,nan,nan,0.727147402437109
3.66849749582638,2.03032217878548,0.728711692563899,nan,nan,0.728711692563899
3.69019866444073,2.0335149954818,0.730259363538622,nan,nan,0.730259363538622
3.71189983305509,2.03671935087414,0.731790645260016,nan,nan,0.731790645260016
3.73360100166945,2.0399349256294,0.73330576431671,nan,nan,0.73330576431671
3.75530217028381,2.04316140740944,0.734804944020366,nan,nan,0.734804944020366
3.77700333889816,2.0463984907186,0.736288404439351,nan,nan,0.736288404439351
3.79870450751252,2.04964587675463,0.737756362432906,nan,nan,0.737756362432906
3.82040567612688,2.05290327326291,0.739209031685741,nan,nan,0.739209031685741
3.84210684474124,2.05617039439387,0.740646622743023,nan,nan,0.740646622743023
3.86380801335559,2.0594469605636,0.742069343045695,nan,nan,0.742069343045695
3.88550918196995,2.0627326983175,0.743477396966084,nan,nan,0.743477396966084
3.90721035058431,2.06602734019694,0.744870985843768,nan,nan,0.744870985843768
3.92891151919866,2.06933062460888,0.746250308021637,nan,nan,0.746250308021637
3.95061268781302,2.07264229569826,0.747615558882128,nan,nan,0.747615558882128
3.97231385642738,2.07596210322332,0.748966930883595,nan,nan,0.748966930883595
3.99401502504174,2.07928980243355,0.750304613596763,nan,nan,0.750304613596763
4.01571619365609,2.08262515395034,0.751628793741252,nan,nan,0.751628793741252
4.03741736227045,2.08596792365025,0.752939655222133,nan,nan,0.752939655222133
4.05911853088481,2.08931788255082,0.754237379166474,nan,nan,0.754237379166474
4.08081969949917,2.09267480669887,0.755522143959869,nan,nan,0.755522143959869
4.10252086811352,2.09603847706124,0.756794125282899,nan,nan,0.756794125282899
4.12422203672788,2.09940867941793,0.75805349614753,nan,nan,0.75805349614753
4.14592320534224,2.10278520425752,0.759300426933386,nan,nan,0.759300426933386
4.16762437395659,2.10616784667491,0.760535085423913,nan,nan,0.760535085423913
4.18932554257095,2.10955640627128,0.761757636842382,nan,nan,0.761757636842382
4.21102671118531,2.1129506870562,0.762968243887733,nan,nan,0.762968243887733
4.23272787979967,2.11635049735191,0.764167066770228,nan,nan,0.764167066770228
4.25442904841402,2.11975564969965,0.765354263246899,nan,nan,0.765354263246899
4.27613021702838,2.12316596076803,0.766529988656779,nan,nan,0.766529988656779
4.29783138564274,2.12658125126343,0.767694395955899,nan,nan,0.767694395955899
4.3195325542571,2.13000134584225,0.768847635752028,nan,nan,0.768847635752028
4.34123372287145,2.13342607302522,0.769989856339162,nan,nan,0.769989856339162
4.36293489148581,2.13685526511341,0.771121203731723,nan,nan,0.771121203731723
4.38463606010017,2.14028875810617,0.772241821698488,nan,nan,0.772241821698488
4.40633722871452,2.14372639162084,0.773351851796211,nan,nan,0.773351851796211
4.42803839732888,2.14716800881416,0.774451433402942,nan,nan,0.774451433402942
4.44973956594324,2.15061345630542,0.77554070375103,nan,nan,0.77554070375103
4.4714407345576,2.1540625841013,0.776619797959806,nan,nan,0.776619797959806
4.49314190317195,2.15751524552229,0.777688849067935,nan,nan,0.777688849067935
4.51484307178631,2.16097129713075,0.778747988065429,nan,nan,0.778747988065429
4.53654424040067,2.16443059866055,0.779797343925319,nan,nan,0.779797343925319
4.55824540901503,2.16789301294817,0.780837043634979,nan,nan,0.780837043634979
4.57994657762938,2.17135840586536,0.7818672122271,nan,nan,0.7818672122271
4.60164774624374,2.17482664625326,0.782887972810303,nan,nan,0.782887972810303
4.6233489148581,2.17829760585794,0.783899446599392,nan,nan,0.783899446599392
4.64505008347245,2.18177115926732,0.784901752945248,nan,nan,0.784901752945248
4.66675125208681,2.18524718384951,0.785895009364353,nan,nan,0.785895009364353
4.68845242070117,2.18872555969245,0.786879331567944,nan,nan,0.786879331567944
4.71015358931553,2.19220616954492,0.787854833490806,nan,nan,0.787854833490806
4.73185475792988,2.19568889875875,0.788821627319681,nan,nan,0.788821627319681
4.75355592654424,2.19917363523237,0.789779823521317,nan,nan,0.789779823521317
4.7752570951586,2.20266026935556,0.790729530870135,nan,nan,0.790729530870135
4.79695826377296,2.20614869395538,0.791670856475531,nan,nan,0.791670856475531
4.81865943238731,2.20963880424332,0.792603905808795,nan,nan,0.792603905808795
4.84036060100167,2.2131304977636,0.793528782729672,nan,nan,0.793528782729672
4.86206176961603,2.21662367434254,0.794445589512536,nan,nan,0.794445589512536
4.88376293823038,2.22011823603911,0.795354426872204,nan,nan,0.795354426872204
4.90546410684474,2.22361408709652,0.796255393989378,nan,nan,0.796255393989378
4.9271652754591,2.22711113389487,0.797148588535716,nan,nan,0.797148588535716
4.94886644407346,2.23060928490483,0.798034106698543,nan,nan,0.798034106698543
4.97056761268781,2.23410845064237,0.798912043205187,nan,nan,0.798912043205187
4.99226878130217,2.23760854362441,0.799782491346967,nan,nan,0.799782491346967
5.01396994991653,2.24110947832551,0.800645543002811,nan,nan,0.800645543002811
5.03567111853089,2.24461117113545,0.801501288662517,nan,nan,0.801501288662517
5.05737228714524,2.24811354031778,0.802349817449665,nan,nan,0.802349817449665
5.0790734557596,2.25161650596925,0.803191217144172,nan,nan,0.803191217144172
5.10077462437396,2.25511998998013,0.804025574204501,nan,nan,0.804025574204501
5.12247579298831,2.25862391599542,0.804852973789519,nan,nan,0.804852973789519
5.14417696160267,2.26212820937689,0.80567349978002,nan,nan,0.80567349978002
5.16587813021703,2.26563279716591,0.806487234799899,nan,nan,0.806487234799899
5.18757929883139,2.26913760804723,0.807294260236997,nan,nan,0.807294260236997
5.20928046744574,2.27264257231335,0.808094656263611,nan,nan,0.808094656263611
5.2309816360601,2.27614762182985,0.808888501856672,nan,nan,0.808888501856672
5.25268280467446,2.27965269000141,0.809675874817598,nan,nan,0.809675874817598
5.27438397328882,2.28315771173851,0.810456851791829,nan,nan,0.810456851791829
5.29608514190317,2.28666262342501,0.811231508288037,nan,nan,0.811231508288037
5.31778631051753,2.29016736288627,0.811999918697027,nan,nan,0.811999918697027
5.33948747913189,2.2936718693581,0.812762156310322,nan,nan,0.812762156310322
5.36118864774624,2.29717608345632,0.813518293338445,nan,nan,0.813518293338445
5.3828898163606,2.30067994714702,0.814268400928891,nan,nan,0.814268400928891
5.40459098497496,2.30418340371744,0.815012549183811,nan,nan,0.815012549183811
5.42629215358932,2.30768639774753,0.81575080717739,nan,nan,0.81575080717739
5.44799332220367,2.31118887508207,0.816483242972937,nan,nan,0.816483242972937
5.46969449081803,2.31469078280349,0.817209923639684,nan,nan,0.817209923639684
5.49139565943239,2.31819206920519,0.817930915269313,nan,nan,0.817930915269313
5.51309682804674,2.32169268376553,0.818646282992185,nan,nan,0.818646282992185
5.5347979966611,2.32519257712229,0.819356090993308,nan,nan,0.819356090993308
5.55649916527546,2.32869170104783,0.820060402528026,nan,nan,0.820060402528026
5.57820033388982,2.33219000842464,0.820759279937444,nan,nan,0.820759279937444
5.59990150250417,2.33568745322152,0.821452784663579,nan,nan,0.821452784663579
5.62160267111853,2.33918399047028,0.822140977264268,nan,nan,0.822140977264268
5.64330383973289,2.34267957624291,0.822823917427803,nan,nan,0.822823917427803
5.66500500834725,2.34617416762927,0.823501663987321,nan,nan,0.823501663987321
5.6867061769616,2.34966772271525,0.824174274934948,nan,nan,0.824174274934948
5.70840734557596,2.35316020056148,0.824841807435692,nan,nan,0.824841807435692
5.73010851419032,2.35665156118238,0.825504317841097,nan,nan,0.825504317841097
5.75180968280467,2.36014176552578,0.826161861702664,nan,nan,0.826161861702664
5.77351085141903,2.36363077545295,0.826814493785034,nan,nan,0.826814493785034
5.79521202003339,2.36711855371902,0.827462268078941,nan,nan,0.827462268078941
5.81691318864775,2.37060506395392,0.82810523781394,nan,nan,0.82810523781394
5.8386143572621,2.37409027064365,0.828743455470918,nan,nan,0.828743455470918
5.86031552587646,2.377574139112,0.829376972794373,nan,nan,0.829376972794373
5.88201669449082,2.38105663550267,0.830005840804495,nan,nan,0.830005840804495
5.90371786310518,2.38453772676179,0.830630109809018,nan,nan,0.830630109809018
5.92541903171953,2.38801738062075,0.83124982941488,nan,nan,0.83124982941488
5.94712020033389,2.39149556557951,0.831865048539664,nan,nan,0.831865048539664
5.96882136894825,2.39497225089024,0.832475815422849,nan,nan,0.832475815422849
5.9905225375626,2.39844740654122,0.833082177636856,nan,nan,0.833082177636856
6.01222370617696,2.40192100324125,0.833684182097903,nan,nan,0.833684182097903
6.03392487479132,2.40539301240429,0.834281875076667,nan,nan,0.834281875076667
6.05562604340568,2.40886340613445,0.834875302208762,nan,nan,0.834875302208762
6.07732721202003,2.41233215721137,0.835464508505024,nan,nan,0.835464508505024
6.09902838063439,2.4157992390758,0.836049538361624,nan,nan,0.836049538361624
6.12072954924875,2.41926462581562,0.83663043557,nan,nan,0.83663043557
6.14243071786311,2.42272829215208,0.837207243326606,nan,nan,0.837207243326606
6.16413188647746,2.4261902134264,0.837780004242502,nan,nan,0.837780004242502
6.18583305509182,2.42965036558656,0.838348760352763,nan,nan,0.838348760352763
6.20753422370618,2.43310872517451,0.838913553125729,nan,nan,0.838913553125729
6.22923539232053,2.43656526931356,0.839474423472091,nan,nan,0.839474423472091
6.25093656093489,2.44001997569609,0.840031411753812,nan,nan,0.840031411753812
6.27263772954925,2.44347282257148,0.840584557792898,nan,nan,0.840584557792898
6.29433889816361,2.44692378873437,0.841133900880004,nan,nan,0.841133900880004
6.31604006677796,2.45037285351311,0.841679479782901,nan,nan,0.841679479782901
6.33774123539232,2.4538199967585,0.842221332754782,nan,nan,0.842221332754782
6.35944240400668,2.45726519883275,0.842759497542429,nan,nan,0.842759497542429
6.38114357262104,2.46070844059869,0.843294011394233,nan,nan,0.843294011394233
6.40284474123539,2.46414970340922,0.843824911068073,nan,nan,0.843824911068073
6.42454590984975,2.46758896909697,0.844352232839054,nan,nan,0.844352232839054
6.44624707846411,2.47102621996419,0.844876012507118,nan,nan,0.844876012507118
6.46794824707847,2.47446143877286,0.845396285404507,nan,nan,0.845396285404507
6.48964941569282,2.47789460873501,0.845913086403107,nan,nan,0.845913086403107
6.51135058430718,2.48132571350326,0.846426449921655,nan,nan,0.846426449921655
6.53305175292154,2.48475473716156,0.846936409932827,nan,nan,0.846936409932827
6.55475292153589,2.48818166421608,0.847442999970192,nan,nan,0.847442999970192
6.57645409015025,2.4916064795864,0.847946253135053,nan,nan,0.847946253135053
6.59815525876461,2.49502916859677,0.848446202103164,nan,nan,0.848446202103164
6.61985642737897,2.49844971696767,0.848942879131329,nan,nan,0.848942879131329
6.64155759599332,2.50186811080744,0.849436316063887,nan,nan,0.849436316063887
6.66325876460768,2.50528433660419,0.849926544339085,nan,nan,0.849926544339085
6.68495993322204,2.50869838121781,0.850413594995333,nan,nan,0.850413594995333
6.70666110183639,2.51211023187219,0.850897498677362,nan,nan,0.850897498677362
6.72836227045075,2.5155198761476,0.851378285642262,nan,nan,0.851378285642262
6.75006343906511,2.51892730197322,0.851855985765424,nan,nan,0.851855985765424
6.77176460767947,2.52233249761982,0.852330628546374,nan,nan,0.852330628546374
6.79346577629382,2.52573545169265,0.852802243114505,nan,nan,0.852802243114505
6.81516694490818,2.52913615312442,0.853270858234715,nan,nan,0.853270858234715
6.83686811352254,2.53253459116846,0.853736502312943,nan,nan,0.853736502312943
6.8585692821369,2.535930755392,0.854199203401608,nan,nan,0.854199203401608
6.88027045075125,2.53932463566965,0.854658989204959,nan,nan,0.854658989204959
6.90197161936561,2.54271622217695,0.855115887084327,nan,nan,0.855115887084327
6.92367278797997,2.54610550538408,0.85556992406329,nan,nan,0.85556992406329
6.94537395659432,2.54949247604975,0.856021126832752,nan,nan,0.856021126832752
6.96707512520868,2.55287712521513,0.856469521755924,nan,nan,0.856469521755924
6.98877629382304,2.556259444198,0.856915134873231,nan,nan,0.856915134873231
7.0104774624374,2.55963942458694,0.857357991907128,nan,nan,0.857357991907128
7.03217863105175,2.56301705823573,0.857798118266839,nan,nan,0.857798118266839
7.05387979966611,2.56639233725777,0.858235539053009,nan,nan,0.858235539053009
7.07558096828047,2.56976525402072,0.858670279062277,nan,nan,0.858670279062277
7.09728213689483,2.57313580114117,0.85910236279178,nan,nan,0.85910236279178
7.11898330550918,2.57650397147945,0.859531814443567,nan,nan,0.859531814443567
7.14068447412354,2.57986975813458,0.859958657928948,nan,nan,0.859958657928948
7.1623856427379,2.58323315443928,0.860382916872764,nan,nan,0.860382916872764
7.18408681135225,2.5865941539551,0.860804614617589,nan,nan,0.860804614617589
7.20578797996661,2.58995275046768,0.861223774227854,nan,nan,0.861223774227854
7.22748914858097,2.59330893798206,0.861640418493911,nan,nan,0.861640418493911
7.24919031719533,2.59666271071811,0.862054569936019,nan,nan,0.862054569936019
7.27089148580968,2.60001406310609,0.862466250808266,nan,nan,0.862466250808266
7.29259265442404,2.60336298978223,0.86287548310243,nan,nan,0.86287548310243
7.3142938230384,2.60670948558449,0.86328228855177,nan,nan,0.86328228855177
7.33599499165275,2.61005354554831,0.863686688634753,nan,nan,0.863686688634753
7.35769616026711,2.61339516490254,0.86408870457872,nan,nan,0.86408870457872
7.37939732888147,2.6167343390654,0.864488357363493,nan,nan,0.864488357363493
7.40109849749583,2.62007106364053,0.864885667724921,nan,nan,0.864885667724921
7.42279966611018,2.62340533441315,0.865280656158362,nan,nan,0.865280656158362
7.44450083472454,2.62673714734626,0.865673342922114,nan,nan,0.865673342922114
7.4662020033389,2.63006649857694,0.866063748040785,nan,nan,0.866063748040785
7.48790317195326,2.63339338441275,0.86645189130861,nan,nan,0.86645189130861
7.50960434056761,2.63671780132816,0.866837792292711,nan,nan,0.866837792292711
7.53130550918197,2.64003974596105,0.867221470336301,nan,nan,0.867221470336301
7.55300667779633,2.64335921510936,0.867602944561844,nan,nan,0.867602944561844
7.57470784641068,2.64667620572772,0.867982233874152,nan,nan,0.867982233874152
7.59640901502504,2.64999071492416,0.868359356963437,nan,nan,0.868359356963437
7.6181101836394,2.65330273995698,0.868734332308315,nan,nan,0.868734332308315
7.63981135225376,2.65661227823154,0.869107178178759,nan,nan,0.869107178178759
7.66151252086811,2.65991932729724,0.869477912638997,nan,nan,0.869477912638997
7.68321368948247,2.66322388484451,0.869846553550377,nan,nan,0.869846553550377
7.70491485809683,2.66652594870183,0.870213118574171,nan,nan,0.870213118574171
7.72661602671119,2.6698255168329,0.870577625174344,nan,nan,0.870577625174344
7.74831719532554,2.67312258733375,0.870940090620273,nan,nan,0.870940090620273
7.7700183639399,2.67641715843003,0.871300531989423,nan,nan,0.871300531989423
7.79171953255426,2.67970922847427,0.871658966169979,nan,nan,0.871658966169979
7.81342070116861,2.68299879594322,0.87201540986344,nan,nan,0.87201540986344
7.83512186978297,2.68628585943526,0.872369879587165,nan,nan,0.872369879587165
7.85682303839733,2.68957041766785,0.872722391676883,nan,nan,0.872722391676883
7.87852420701169,2.69285246947502,0.873072962289158,nan,nan,0.873072962289158
7.90022537562604,2.69613201380493,0.873421607403826,nan,nan,0.873421607403826
7.9219265442404,2.69940904971748,0.873768342826374,nan,nan,0.873768342826374
7.94362771285476,2.70268357638196,0.874113184190301,nan,nan,0.874113184190301
7.96532888146912,2.70595559307473,0.874456146959427,nan,nan,0.874456146959427
7.98703005008347,2.70922509917698,0.874797246430175,nan,nan,0.874797246430175
8.00873121869783,2.71249209417252,0.875136497733812,nan,nan,0.875136497733812
8.03043238731219,2.71575657764562,0.875473915838654,nan,nan,0.875473915838654
8.05213355592654,2.71901854927888,0.87580951555224,nan,nan,0.87580951555224
8.0738347245409,2.72227800885115,0.876143311523469,nan,nan,0.876143311523469
8.09553589315526,2.7255349562355,0.876475318244706,nan,nan,0.876475318244706
8.11723706176962,2.72878939139721,0.876805550053851,nan,nan,0.876805550053851
8.13893823038397,2.73204131439184,0.877134021136379,nan,nan,0.877134021136379
8.16063939899833,2.7352907253633,0.877460745527349,nan,nan,0.877460745527349
8.18234056761269,2.73853762454194,0.87778573711338,nan,nan,0.87778573711338
8.20404173622704,2.74178201224279,0.878109009634593,nan,nan,0.878109009634593
8.2257429048414,2.74502388886365,0.878430576686531,nan,nan,0.878430576686531
8.24744407345576,2.74826325488341,0.878750451722042,nan,nan,0.878750451722042
8.26914524207012,2.75150011086029,0.879068648053138,nan,nan,0.879068648053138
8.29084641068447,2.75473445743011,0.87938517885282,nan,nan,0.87938517885282
8.31254757929883,2.75796629530467,0.879700057156882,nan,nan,0.879700057156882
8.33424874791319,2.76119562527009,0.880013295865682,nan,nan,0.880013295865682
8.35594991652755,2.76442244818524,0.880324907745886,nan,nan,0.880324907745886
8.3776510851419,2.76764676498013,0.880634905432189,nan,nan,0.880634905432189
8.39935225375626,2.7708685766544,0.880943301429007,nan,nan,0.880943301429007
8.42105342237062,2.77408788427584,0.881250108112144,nan,nan,0.881250108112144
8.44275459098498,2.77730468897886,0.881555337730433,nan,nan,0.881555337730433
8.46445575959933,2.78051899196308,0.881859002407357,nan,nan,0.881859002407357
8.48615692821369,2.7837307944919,0.882161114142634,nan,nan,0.882161114142634
8.50785809682805,2.7869400978911,0.882461684813794,nan,nan,0.882461684813794
8.5295592654424,2.79014690354752,0.882760726177717,nan,nan,0.882760726177717
8.55126043405676,2.79335121290766,0.88305824987216,nan,nan,0.88305824987216
8.57296160267112,2.79655302747642,0.883354267417252,nan,nan,0.883354267417252
8.59466277128548,2.7997523488158,0.883648790216976,nan,nan,0.883648790216976
8.61636393989983,2.80294917854364,0.883941829560618,nan,nan,0.883941829560618
8.63806510851419,2.80614351833237,0.884233396624202,nan,nan,0.884233396624202
8.65976627712855,2.80933536990785,0.884523502471905,nan,nan,0.884523502471905
8.68146744574291,2.81252473504813,0.884812158057444,nan,nan,0.884812158057444
8.70316861435726,2.81571161558232,0.885099374225447,nan,nan,0.885099374225447
8.72486978297162,2.81889601338942,0.885385161712807,nan,nan,0.885385161712807
8.74657095158598,2.82207793039725,0.885669531150007,nan,nan,0.885669531150007
8.76827212020033,2.82525736858129,0.885952493062435,nan,nan,0.885952493062435
8.78997328881469,2.82843432996368,0.886234057871672,nan,nan,0.886234057871672
8.81167445742905,2.83160881661211,0.88651423589677,nan,nan,0.88651423589677
8.83337562604341,2.83478083063879,0.886793037355501,nan,nan,0.886793037355501
8.85507679465776,2.83795037419947,0.887070472365596,nan,nan,0.887070472365596
8.87677796327212,2.84111744949243,0.887346550945962,nan,nan,0.887346550945962
8.89847913188648,2.84428205875751,0.887621283017884,nan,nan,0.887621283017884
8.92018030050084,2.84744420427512,0.887894678406206,nan,nan,0.887894678406206
8.94188146911519,2.85060388836536,0.888166746840498,nan,nan,0.888166746840498
8.96358263772955,2.85376111338708,0.888437497956205,nan,nan,0.888437497956205
8.98528380634391,2.85691588173695,0.88870694129578,nan,nan,0.88870694129578
9.00698497495826,2.86006819584864,0.888975086309803,nan,nan,0.888975086309803
9.02868614357262,2.86321805819187,0.889241942358077,nan,nan,0.889241942358077
9.05038731218698,2.86636547127165,0.889507518710715,nan,nan,0.889507518710715
9.07208848080134,2.86951043762739,0.88977182454921,nan,nan,0.88977182454921
9.09378964941569,2.87265295983208,0.890034868967491,nan,nan,0.890034868967491
9.11549081803005,2.87579304049153,0.890296660972957,nan,nan,0.890296660972957
9.13719198664441,2.87893068224357,0.890557209487507,nan,nan,0.890557209487507
9.15889315525876,2.88206588775724,0.890816523348548,nan,nan,0.890816523348548
9.18059432387312,2.88519865973211,0.891074611309989,nan,nan,0.891074611309989
9.20229549248748,2.88832900089745,0.89133148204323,nan,nan,0.89133148204323
9.22399666110184,2.89145691401159,0.891587144138119,nan,nan,0.891587144138119
9.24569782971619,2.89458240186114,0.891841606103919,nan,nan,0.891841606103919
9.26739899833055,2.89770546726034,0.892094876370239,nan,nan,0.892094876370239
9.28910016694491,2.90082611305034,0.892346963287969,nan,nan,0.892346963287969
9.31080133555927,2.90394434209854,0.892597875130193,nan,nan,0.892597875130193
9.33250250417362,2.90706015729794,0.89284762009309,nan,nan,0.89284762009309
9.35420367278798,2.91017356156649,0.893096206296827,nan,nan,0.893096206296827
9.37590484140234,2.91328455784644,0.893343641786436,nan,nan,0.893343641786436
9.39760601001669,2.91639314910373,0.89358993453268,nan,nan,0.89358993453268
9.41930717863105,2.91949933832739,0.893835092432905,nan,nan,0.893835092432905
9.44100834724541,2.92260312852893,0.894079123311884,nan,nan,0.894079123311884
9.46270951585977,2.92570452274173,0.894322034922649,nan,nan,0.894322034922649
9.48441068447412,2.92880352402054,0.894563834947307,nan,nan,0.894563834947307
9.50611185308848,2.9319001354408,0.89480453099785,nan,nan,0.89480453099785
9.52781302170284,2.93499436009821,0.895044130616952,nan,nan,0.895044130616952
9.5495141903172,2.93808620110809,0.895282641278755,nan,nan,0.895282641278755
9.57121535893155,2.94117566160489,0.895520070389647,nan,nan,0.895520070389647
9.59291652754591,2.94426274474167,0.895756425289022,nan,nan,0.895756425289022
9.61461769616027,2.94734745368959,0.895991713250041,nan,nan,0.895991713250041
9.63631886477462,2.95042979163736,0.896225941480372,nan,nan,0.896225941480372
9.65802003338898,2.95350976179082,0.896459117122928,nan,nan,0.896459117122928
9.67972120200334,2.95658736737241,0.896691247256588,nan,nan,0.896691247256588
9.7014223706177,2.95966261162069,0.896922338896919,nan,nan,0.896922338896919
9.72312353923205,2.9627354977899,0.897152398996872,nan,nan,0.897152398996872
9.74482470784641,2.96580602914951,0.89738143444749,nan,nan,0.89738143444749
9.76652587646077,2.96887420898373,0.897609452078582,nan,nan,0.897609452078582
9.78822704507512,2.9719400405911,0.897836458659413,nan,nan,0.897836458659413
9.80992821368948,2.97500352728407,0.898062460899365,nan,nan,0.898062460899365
9.83162938230384,2.97806467238854,0.8982874654486,nan,nan,0.8982874654486
9.8533305509182,2.98112347924351,0.898511478898712,nan,nan,0.898511478898712
9.87503171953255,2.98417995120057,0.898734507783368,nan,nan,0.898734507783368
9.89673288814691,2.98723409162362,0.898956558578944,nan,nan,0.898956558578944
9.91843405676127,2.99028590388839,0.899177637705151,nan,nan,0.899177637705151
9.94013522537563,2.99333539138209,0.899397751525653,nan,nan,0.899397751525653
9.96183639398998,2.99638255750305,0.899616906348673,nan,nan,0.899616906348673
9.98353756260434,2.9994274056603,0.899835108427604,nan,nan,0.899835108427604
10.0052387312187,3.00246993927328,0.900052363961593,nan,nan,0.900052363961593
10.0269398998331,3.0055101617714,0.900268679096136,nan,nan,0.900268679096136
10.0486410684474,3.00854807659378,0.900484059923648,nan,nan,0.900484059923648
10.0703422370618,3.01158368718883,0.900698512484045,nan,nan,0.900698512484045
10.0920434056761,3.01461699701396,0.900912042765298,nan,nan,0.900912042765298
10.1137445742905,3.01764800953526,0.901124656703997,nan,nan,0.901124656703997
10.1354457429048,3.02067672822713,0.901336360185898,nan,nan,0.901336360185898
10.1571469115192,3.02370315657201,0.901547159046463,nan,nan,0.901547159046463
10.1788480801336,3.02672729806003,0.901757059071401,nan,nan,0.901757059071401
10.2005492487479,3.02974915618875,0.901966065997194,nan,nan,0.901966065997194
10.2222504173623,3.03276873446283,0.902174185511619,nan,nan,0.902174185511619
10.2439515859766,3.03578603639374,0.902381423254263,nan,nan,0.902381423254263
10.265652754591,3.03880106549949,0.902587784817035,nan,nan,0.902587784817035
10.2873539232053,3.04181382530431,0.902793275744667,nan,nan,0.902793275744667
10.3090550918197,3.04482431933845,0.902997901535206,nan,nan,0.902997901535206
10.3307562604341,3.0478325511378,0.903201667640513,nan,nan,0.903201667640513
10.3524574290484,3.05083852424373,0.903404579466738,nan,nan,0.903404579466738
10.3741585976628,3.05384224220277,0.903606642374805,nan,nan,0.903606642374805
10.3958597662771,3.05684370856635,0.903807861680878,nan,nan,0.903807861680878
10.4175609348915,3.0598429268906,0.90400824265683,nan,nan,0.90400824265683
10.4392621035058,3.06283990073603,0.904207790530702,nan,nan,0.904207790530702
10.4609632721202,3.06583463366737,0.904406510487161,nan,nan,0.904406510487161
10.4826644407346,3.06882712925328,0.904604407667942,nan,nan,0.904604407667942
10.5043656093489,3.07181739106611,0.904801487172297,nan,nan,0.904801487172297
10.5260667779633,3.07480542268173,0.904997754057431,nan,nan,0.904997754057431
10.5477679465776,3.07779122767925,0.905193213338933,nan,nan,0.905193213338933
10.569469115192,3.08077480964082,0.905387869991205,nan,nan,0.905387869991205
10.5911702838063,3.08375617215144,0.905581728947883,nan,nan,0.905581728947883
10.6128714524207,3.0867353187987,0.905774795102253,nan,nan,0.905774795102253
10.6345726210351,3.08971225317263,0.905967073307665,nan,nan,0.905967073307665
10.6562737896494,3.09268697886545,0.906158568377935,nan,nan,0.906158568377935
10.6779749582638,3.09565949947141,0.906349285087752,nan,nan,0.906349285087752
10.6996761268781,3.09862981858655,0.90653922817307,nan,nan,0.90653922817307
10.7213772954925,3.10159793980857,0.906728402331501,nan,nan,0.906728402331501
10.7430784641068,3.10456386673659,0.906916812222707,nan,nan,0.906916812222707
10.7647796327212,3.10752760297098,0.907104462468773,nan,nan,0.907104462468773
10.7864808013356,3.11048915211322,0.907291357654596,nan,nan,0.907291357654596
10.8081819699499,3.11344851776565,0.907477502328247,nan,nan,0.907477502328247
10.8298831385643,3.11640570353138,0.907662901001349,nan,nan,0.907662901001349
10.8515843071786,3.11936071301405,0.907847558149436,nan,nan,0.907847558149436
10.873285475793,3.12231354981772,0.908031478212316,nan,nan,0.908031478212316
10.8949866444073,3.12526421754664,0.908214665594425,nan,nan,0.908214665594425
10.9166878130217,3.12821271980518,0.908397124665177,nan,nan,0.908397124665177
10.9383889816361,3.1311590601976,0.908578859759317,nan,nan,0.908578859759317
10.9600901502504,3.13410324232792,0.908759875177257,nan,nan,0.908759875177257
10.9817913188648,3.1370452697998,0.90894017518542,nan,nan,0.90894017518542
11.0034924874791,3.13998514621633,0.909119764016575,nan,nan,0.909119764016575
11.0251936560935,3.14292287517996,0.909298645870164,nan,nan,0.909298645870164
11.0468948247078,3.14585846029228,0.909476824912633,nan,nan,0.909476824912633
11.0685959933222,3.14879190515395,0.909654305277757,nan,nan,0.909654305277757
11.0902971619366,3.15172321336454,0.909831091066954,nan,nan,0.909831091066954
11.1119983305509,3.15465238852238,0.910007186349604,nan,nan,0.910007186349604
11.1336994991653,3.15757943422444,0.910182595163364,nan,nan,0.910182595163364
11.1554006677796,3.16050435406623,0.910357321514471,nan,nan,0.910357321514471
11.177101836394,3.16342715164163,0.91053136937805,nan,nan,0.91053136937805
11.1988030050083,3.16634783054279,0.910704742698416,nan,nan,0.910704742698416
11.2205041736227,3.16926639436002,0.91087744538937,nan,nan,0.91087744538937
11.2422053422371,3.17218284668165,0.911049481334495,nan,nan,0.911049481334495
11.2639065108514,3.17509719109394,0.911220854387446,nan,nan,0.911220854387446
11.2856076794658,3.17800943118095,0.911391568372239,nan,nan,0.911391568372239
11.3073088480801,3.18091957052442,0.911561627083532,nan,nan,0.911561627083532
11.3290100166945,3.18382761270368,0.911731034286913,nan,nan,0.911731034286913
11.3507111853088,3.18673356129556,0.911899793719169,nan,nan,0.911899793719169
11.3724123539232,3.18963741987424,0.912067909088567,nan,nan,0.912067909088567
11.3941135225376,3.19253919201118,0.912235384075126,nan,nan,0.912235384075126
11.4158146911519,3.19543888127503,0.912402222330879,nan,nan,0.912402222330879
11.4375158597663,3.19833649123149,0.912568427480147,nan,nan,0.912568427480147
11.4592170283806,3.20123202544328,0.912734003119794,nan,nan,0.912734003119794
11.480918196995,3.20412548746996,0.912898952819492,nan,nan,0.912898952819492
11.5026193656093,3.20701688086793,0.913063280121972,nan,nan,0.913063280121972
11.5243205342237,3.20990620919029,0.913226988543283,nan,nan,0.913226988543283
11.5460217028381,3.21279347598673,0.913390081573041,nan,nan,0.913390081573041
11.5677228714524,3.21567868480351,0.913552562674675,nan,nan,0.913552562674675
11.5894240400668,3.21856183918332,0.913714435285674,nan,nan,0.913714435285674
11.6111252086811,3.22144294266523,0.913875702817828,nan,nan,0.913875702817828
11.6328263772955,3.2243219987846,0.914036368657469,nan,nan,0.914036368657469
11.6545275459098,3.227199011073,0.914196436165709,nan,nan,0.914196436165709
11.6762287145242,3.23007398305811,0.914355908678672,nan,nan,0.914355908678672
11.6979298831386,3.23294691826371,0.914514789507724,nan,nan,0.914514789507724
11.7196310517529,3.23581782020953,0.91467308193971,nan,nan,0.91467308193971
11.7413322203673,3.23868669241123,0.914830789237172,nan,nan,0.914830789237172
11.7630333889816,3.24155353838031,0.914987914638577,nan,nan,0.914987914638577
11.784734557596,3.24441836162403,0.915144461358539,nan,nan,0.915144461358539
11.8064357262104,3.24728116564539,0.915300432588037,nan,nan,0.915300432588037
11.8281368948247,3.25014195394299,0.915455831494632,nan,nan,0.915455831494632
11.8498380634391,3.25300073001105,0.915610661222684,nan,nan,0.915610661222684
11.8715392320534,3.25585749733927,0.915764924893558,nan,nan,0.915764924893558
11.8932404006678,3.25871225941281,0.915918625605841,nan,nan,0.915918625605841
11.9149415692821,3.26156501971224,0.916071766435544,nan,nan,0.916071766435544
11.9366427378965,3.26441578171345,0.916224350436309,nan,nan,0.916224350436309
11.9583439065109,3.26726454888761,0.916376380639613,nan,nan,0.916376380639613
11.9800450751252,3.27011132470111,0.916527860054968,nan,nan,0.916527860054968
12.0017462437396,3.27295611261551,0.916678791670119,nan,nan,0.916678791670119
12.0234474123539,3.27579891608749,0.91682917845124,nan,nan,0.91682917845124
12.0451485809683,3.27863973856877,0.916979023343132,nan,nan,0.916979023343132
12.0668497495826,3.28147858350611,0.917128329269408,nan,nan,0.917128329269408
12.088550918197,3.28431545434121,0.917277099132692,nan,nan,0.917277099132692
12.1102520868114,3.2871503545107,0.917425335814799,nan,nan,0.917425335814799
12.1319532554257,3.28998328744605,0.917573042176927,nan,nan,0.917573042176927
12.1536544240401,3.29281425657358,0.917720221059837,nan,nan,0.917720221059837
12.1753555926544,3.29564326531436,0.917866875284039,nan,nan,0.917866875284039
12.1970567612688,3.29847031708421,0.918013007649968,nan,nan,0.918013007649968
12.2187579298831,3.30129541529363,0.918158620938165,nan,nan,0.918158620938165
12.2404590984975,3.30411856334776,0.918303717909453,nan,nan,0.918303717909453
12.2621602671119,3.30693976464636,0.918448301305111,nan,nan,0.918448301305111
12.2838614357262,3.30975902258375,0.918592373847045,nan,nan,0.918592373847045
12.3055626043406,3.31257634054877,0.918735938237964,nan,nan,0.918735938237964
12.3272637729549,3.31539172192476,0.918878997161541,nan,nan,0.918878997161541
12.3489649415693,3.31820517008952,0.91902155328259,nan,nan,0.91902155328259
12.3706661101836,3.32101668841525,0.919163609247221,nan,nan,0.919163609247221
12.392367278798,3.32382628026855,0.919305167683014,nan,nan,0.919305167683014
12.4140684474124,3.32663394901037,0.91944623119917,nan,nan,0.91944623119917
12.4357696160267,3.32943969799596,0.919586802386683,nan,nan,0.919586802386683
12.4574707846411,3.33224353057487,0.91972688381849,nan,nan,0.91972688381849
12.4791719532554,3.33504545009091,0.91986647804963,nan,nan,0.91986647804963
12.5008731218698,3.33784545988208,0.920005587617402,nan,nan,0.920005587617402
12.5225742904841,3.34064356328062,0.920144215041517,nan,nan,0.920144215041517
12.5442754590985,3.34343976361291,0.920282362824248,nan,nan,0.920282362824248
12.5659766277129,3.34623406419948,0.920420033450585,nan,nan,0.920420033450585
12.5876777963272,3.34902646835494,0.92055722938838,nan,nan,0.92055722938838
12.6093789649416,3.35181697938804,0.920693953088497,nan,nan,0.920693953088497
12.6310801335559,3.35460560060155,0.920830206984955,nan,nan,0.920830206984955
12.6527813021703,3.35739233529228,0.920965993495077,nan,nan,0.920965993495077
12.6744824707846,3.36017718675106,0.92110131501963,nan,nan,0.92110131501963
12.696183639399,3.36296015826271,0.921236173942965,nan,nan,0.921236173942965
12.7178848080134,3.36574125310602,0.92137057263316,nan,nan,0.92137057263316
12.7395859766277,3.3685204745537,0.921504513442158,nan,nan,0.921504513442158
12.7612871452421,3.37129782587243,0.921637998705903,nan,nan,0.921637998705903
12.7829883138564,3.37407331032273,0.921771030744476,nan,nan,0.921771030744476
12.8046894824708,3.37684693115907,0.921903611862232,nan,nan,0.921903611862232
12.8263906510851,3.37961869162974,0.922035744347929,nan,nan,0.922035744347929
12.8480918196995,3.3823885949769,0.922167430474863,nan,nan,0.922167430474863
12.8697929883139,3.38515664443652,0.922298672500995,nan,nan,0.922298672500995
12.8914941569282,3.3879228432384,0.922429472669084,nan,nan,0.922429472669084
12.9131953255426,3.39068719460613,0.922559833206812,nan,nan,0.922559833206812
12.9348964941569,3.39344970175708,0.922689756326912,nan,nan,0.922689756326912
12.9565976627713,3.39621036790237,0.922819244227291,nan,nan,0.922819244227291
12.9782988313856,3.3989691962469,0.922948299091158,nan,nan,0.922948299091158
13,3.40172618998929,0.923076923087141,nan,nan,0.923076923087141
