m,rho180,rhostar,rho190,rhomaxwell,rho200
0,0,0,0,0,0
0.00393463308766542,1.66016230570056e-05,1.62816158814411e-05,1.60389343472184e-05,1.58677453511165e-05,1.53191175535353e-05
0.00786904689558554,6.59315111493653e-05,6.46024934721932e-05,6.35976097278857e-05,6.28898559442354e-05,6.06259731955139e-05
0.0118030222022263,0.000147275452317115,0.000144175193997079,0.000141837532173646,0.000140193463963201,0.000134944015498323
0.0157363399023609,0.000259917230707398,0.000254210649535511,0.000249918842892072,0.000246904515851497,0.000237296051695937
0.0196687810652278,0.00040313902175899,0.000393918598657808,0.00038700078210928,0.000382148255146379,0.000366704787808231
0.0236001269924611,0.000576221786435195,0.000562508020792455,0.000552242151422161,0.000545049703673663,0.000522193366677293
0.0275301592759689,0.000778445664148099,0.000759187568929639,0.000744801774239278,0.000734734140664553,0.000702785903423695
0.0314586598556073,0.00100909036399425,0.000983166000243516,0.000963838953866682,0.000950327579333077,0.000907508017808094
0.0353854110766481,0.00126743555395183,0.00123365260424688,0.00120851392882689,0.00119095724048528,0.00113538736301761
0.0393101957470314,0.00155276124767219,0.00150985762807438,0.00147798832498164,0.00145575202271356,0.00138545415037846
0.0432327971943254,0.00186434818851243,0.00181099269850561,0.00177142560404492,0.00174384296874608,0.00165674166951453
0.0471529993224058,0.00220147823046241,0.00213627124034627,0.00208799150808022,0.00205436372752842,0.00194828680347927
0.0510705866677785,0.00256343471562036,0.00248490889078748,0.00242685449957791,0.00238645101161786,0.00225913053839286
0.0549853444555541,0.00294950284788084,0.00285612390937327,0.00278718619671961,0.00273924504948072,0.00258831846712734
0.0588970586550124,0.00335897006249682,0.00324913758320522,0.00316816180343546,0.00311189003228377,0.00293490128658423
0.0628055160347438,0.00379112639120175,0.00366317462703856,0.00356896053388653,0.00350353455479672,0.00329793528813671
0.0667105042173173,0.0042452648225658,0.00409746357791275,0.0039887660309938,0.00391333205001278,0.00367648284079922
0.0706118117334791,0.00472068165728013,0.00455123718397997,0.00442676677865592,0.00434044121711536,0.00406961286670969
0.0745092280758026,0.00521667685806386,0.00502373278719793,0.00488215650730217,0.00478402644242349,0.00447640130851613
0.0784025437518077,0.00573255439390696,0.00551419269957137,0.00535413459244515,0.00524325821296765,0.00489593158827912
0.0822915503364889,0.00626762257835909,0.00602186457262571,0.00584190644589803,0.00571731352234773,0.00532729505750374
0.0861760405242422,0.00682119440159247,0.00654600175981483,0.00634468389934013,0.00620537626854497,0.00576959143793578
0.090055808180149,0.00739258785597068,0.00708586367157018,0.00686168557992059,0.00670663764336592,0.00622192925276522
0.0939306483906011,0.0079811262548736,0.00764071612271767,0.0073921372776104,0.00722029651321755,0.00668342624790247
0.0978003575132291,0.00858613854452142,0.00820983167198276,0.00793527230400706,0.00774555979090701,0.00715320980298865
0.101664733226127,0.00920695960857944,0.00879248995334426,0.00849033184233803,0.00828164279820253,0.0076304173318465
0.105523574576322,0.00984293056530675,0.00938797799897993,0.00905656528839145,0.0088277696188744,0.00811419667206207
0.109376682027486,0.0104933990570361,0.00999559055357219,0.00963323058212993,0.00938317344196248,0.00860370646341706
0.113223857506859,0.0111577195317938,0.010614630379765,0.0102195945297657,0.00994709689504119,0.00909811651491735
0.117064904451354,0.011835253516855,0.0112444085545523,0.0108149331160663,0.0105187923672425,0.00959660816015578
0.120899627852833,0.0125253698840656,0.0118842447564115,0.0114185318066942,0.0110975223218342,0.0100983746007843
0.124727834302525,0.0132274451067571,0.0125334675429985,0.0120296858403862,0.0116825595981518,0.0106026212378751
0.128549332034566,0.0139408635081038,0.0131914146192371,0.0126477005107985,0.0122731877027055,0.0111085659909736
0.132363930968645,0.0146650175007737,0.0138574330956474,0.0132718914378524,0.0128687010892899,0.0116154396046565
0.136171442751732,0.0153993078177436,0.014530879736769,0.0139015848284318,0.0134684054279459,0.012122485942429
0.139971680798877,0.0161431437341607,0.015211121199559,0.0145361177263037,0.0140716178626391,0.0126289622678144
0.143764460333053,0.0168959432801378,0.015897534261638,0.0151748382511337,0.0146776672575253,0.0131341395124964
0.147549598424032,0.0176571334443916,0.0165895060392944,0.0158171058264992,0.0152858944317023,0.013637302531405
0.151326914026284,0.018426150368637,0.0172864341951503,0.0164622913968023,0.0158956523823482,0.0141377503446394
0.155096228015872,0.0192024395326691,0.0179877271354206,0.017109777633013,0.0165063064961752,0.014634796366153
0.158857363226341,0.0199854559300682,0.0186928041966981,0.0177589591271701,0.0171172347491248,0.0151277686191234
0.162610144483576,0.0207746642344884,0.019401095822224,0.0184092425756044,0.0177278278942703,0.0156160099379725
0.166354398639631,0.0215695389564822,0.0201120437275974,0.0190600469508333,0.0183374896378745,0.0160988781569853
0.170089954605511,0.0223695645908515,0.020825101055917,0.0197108036621245,0.0189456368036014,0.0165757462855296
0.173816643382888,0.0231742357544994,0.0215397325223311,0.0203609567047055,0.0195516994848619,0.0170460026698607
0.177534298094757,0.0239830573147892,0.0222554145480083,0.0210099627976365,0.02015512118531,0.0175090511415329
0.18124275401502,0.0247955445084182,0.0229716353835409,0.0216572915103592,0.020755358947508,0.0179643111524469
0.18494184859698,0.025611223050831,0.0236878952218142,0.0223024253779631,0.0213518834698029,0.018411217896582
0.188631421500748,0.026429629236197,0.0244037063003723,0.0229448600052038,0.0219441792114541,0.018849222418466
0.19231131461956,0.0272503100280051,0.0251185929933447,0.0235841041593428,0.022531744486085,0.0192777917084688
0.195981372104987,0.0280728231403186,0.025832091892986,0.0242196798518712,0.0231140915435263,0.0196964087849998
0.199641440391048,0.0288967371097643,0.0265437518809131,0.0248511224092074,0.0236907466401458,0.0201045727637229
0.20329136821721,0.0297216313583213,0.02725313418912,0.025477980532457,0.0242612500977603,0.0205017989138999
0.206931006650289,0.0305470962469946,0.0279598124508668,0.0260998163463441,0.0248251563512419,0.0208876187019934
0.210560209105226,0.0313727331204695,0.0286633727415544,0.0267162054374311,0.0253820339849473,0.0212615798226801
0.214178831364767,0.0321981543428453,0.0293634136096974,0.0273267368817542,0.0259314657580989,0.0216232462174231
0.217786731598023,0.0330229833245598,0.030059546098125,0.0279310132620125,0.0264730486192685,0.0219721980807777
0.221383770377931,0.0338468545406224,0.0307513937555432,0.0285286506744587,0.0270063937101147,0.0223080318546054
0.224969810697591,0.0346694135402877,0.031438592638608,0.0291192787256504,0.0275311263585472,0.0226303602103952
0.22854471798552,0.0354903169482966,0.0321207913046565,0.0297025405192266,0.028046886061484,0.0229388120198854
0.232108360119788,0.0363092324578359,0.0327976507952659,0.0302780926328872,0.028553326457396,0.023233032314205
0.235660607441068,0.037125838815363,0.0334688446108063,0.0308456050857605,0.0290501152888283,0.0235126822317568
0.23920133276459,0.037939825797447,0.0341340586761617,0.0314047612963441,0.0295369343550951,0.0237774389550657
0.242730411391014,0.0387508941797982,0.0347929912978097,0.0319552580312285,0.0300134794553684,0.0240269956368424
0.246247721116217,0.0395587556986503,0.0354453531124491,0.032496805344803,0.0304794603223688,0.0242610613155056
0.249753142240019,0.0403631330046708,0.0360908670273713,0.0330291265101606,0.0309346005468873,0.0244793608204197
0.253246557573839,0.0411637596095774,0.0367292681527795,0.0335519579414183,0.031378637493364,0.0246816346671093
0.256727852447297,0.041960379825651,0.0373603037262659,0.0340650491076824,0.0318113222067661,0.0248676389427249
0.260196914713771,0.0427527486983331,0.0379837330296622,0.0345681624388884,0.0322324193110039,0.0250371451820348
0.263653634754923,0.0435406319320971,0.038599327298476,0.0350610732237472,0.0326417068991309,0.0251899402342197
0.267097905484198,0.0443238058098009,0.0392068696241456,0.0355435695000457,0.0330389764155844,0.0253258261207681
0.270529622349303,0.0451020571057125,0.039806154849329,0.036015451937537,0.0334240325307161,0.0254446198847509
0.273948683333698,0.0458751829924216,0.0403969894564684,0.0364765337136783,0.0337966930078821,0.0255461534317848
0.277354988957085,0.0466429909418417,0.0409791914498562,0.0369266403824584,0.0341567885633464,0.025630273362975
0.280748442274931,0.0474052986205099,0.0415525902314403,0.0373656097365754,0.0345041627192694,0.0256968408001412
0.284128948877018,0.0481619337794047,0.0421170264706095,0.0377932916632188,0.0348386716500496,0.0257457312036386
0.287496416885054,0.0489127341384862,0.0426723519681956,0.0382095479937138,0.0351601840222873,0.0257768341830735
0.290850756949341,0.0496575472661827,0.0432184295149375,0.0386142523472894,0.0354685808286451,0.0257900533012296
0.29419188224453,0.0503962304540365,0.0437551327446477,0.0390072899692306,0.0357637552158777,0.0257853058715113
0.297519708464464,0.0511286505867264,0.0442823459823278,0.0393885575636797,0.0360456123073062,0.0257625227492211
0.300834153816143,0.0518546840076861,0.0447999640874735,0.0397579631213419,0.0363140690200093,0.025721648116975
0.304135139012801,0.0525742163805348,0.0453078922928151,0.0401154257423672,0.0365690538770101,0.0256626392645767
0.307422587266145,0.0532871425465457,0.0458060460387447,0.0404608754546676,0.0368105068147329,0.0255854663636586
0.310696424277732,0.0539933663783513,0.0462943508036535,0.0407942530279203,0.0370383789859939,0.0254901122373927
0.313956578229547,0.0546928006301304,0.0467727419304516,0.0411155097835427,0.0372526325588192,0.0253765721255989
0.317202979773757,0.0553853667844632,0.0472411644494808,0.0414246074008677,0.0374532405113362,0.0252448534455353
0.320435562021686,0.0560709948960945,0.0476995728980867,0.0417215177198042,0.0376401864230319,0.0250949755486993
0.323654260532019,0.0567496234327973,0.0481479311370671,0.0420062225402184,0.037813464262624,0.0249269694739197
0.326859013298254,0.0574211991135633,0.0485862121642485,0.0422787134183016,0.037973078172828,0.0247408776970607
0.330049760735419,0.0580856767443224,0.0490143979254163,0.0425389914601706,0.0381190422522715,0.0245367538776212
0.333226445666077,0.0587430190513966,0.0494324791228294,0.0427870671129476,0.0382513803348175,0.0243146626025281
0.336389013305632,0.0593931965128984,0.0498404550215518,0.0430229599535665,0.0383701257665541,0.0240746791274123
0.33953741124696,0.0600361871882713,0.0502383332538239,0.043246698475548,0.0384753211807045,0.0238168891156575
0.34267158944438,0.0606719765461706,0.0506261296216943,0.0434583198739777,0.0385670182707005,0.0235413883754941
0.345791500196986,0.0613005572908847,0.0510038678981322,0.0436578698289262,0.038645277561672,0.0232482825954269
0.34889709813136,0.0619219291874843,0.0513715796268356,0.0438454022875369,0.0387101681805848,0.0229376870782576
0.351988340183681,0.0625360988858911,0.051729303920943,0.0440209792450094,0.0387617676252714,0.0226097264739782
0.35506518558126,0.0631430797440494,0.0520770872608562,0.0441846705246996,0.038800161532577,0.0222645345117887
0.358127595823501,0.0637428916503854,0.0524149832913791,0.0443365535575527,0.0388254434458539,0.0219022537315019
0.361175534662329,0.0643355608457294,0.0527430526183698,0.044476713161086,0.0388377145820273,0.0215230352145854
0.364208968082092,0.0649211197448711,0.0530613626050915,0.0446052413181163,0.0388370835984382,0.0211270383150768
0.367227864278958,0.0654996067579295,0.0533699871684666,0.0447222369554517,0.0388236663596914,0.0207144303906246
0.370232193639823,0.066071066111682,0.0536690065753984,0.0448278057227257,0.0387975857046947,0.0202853865338731
0.373221928720761,0.0666355476710382,0.0539585072393594,0.0449220597715822,0.0387589712141079,0.0198400893044285
0.376197044225026,0.0671931067607929,0.0542385815174013,0.0450051175353853,0.0387079589783836,0.0193787284616176
0.379157516980619,0.067743803987824,0.0545093275077717,0.0450771035096418,0.0386446913665945,0.0189015006982581
0.382103325917458,0.0682877050638755,0.0547708488482873,0.0451381480333072,0.0385693167962255,0.0184086093756414
0.385034452044148,0.0688248806290718,0.055023254515633,0.0451883870711475,0.0384819895041133,0.0179002642599331
0.387950878424389,0.0693554060762978,0.055266658625734,0.0452279619973183,0.0383828693187014,0.0173766812601786
0.390852590153028,0.0698793613765817,0.0555011802353484,0.045257019380323,0.0382721214337722,0.0168380821681038
0.393739574331775,0.0703968309056051,0.0557269431450271,0.0452757107694973,0.0381499161838232,0.0162846943998891
0.396611820044608,0.0709079032714667,0.0559440757035734,0.0452841924831698,0.0380164288212322,0.015716750740086
0.399469318332882,0.0714126711438147,0.056152710614135,0.0452826253986379,0.0378718392953613,0.0151344890878445
0.40231206217015,0.0719112310844656,0.0563529847420566,0.0452711747440946,0.0377163320337429,0.0145381522056103
0.405140046436736,0.0724036833796157,0.0565450389246106,0.0452500098926362,0.0375500957254765,0.0139279874704384
0.407953267894052,0.0728901318737509,0.0567290177827261,0.0452193041584695,0.0373733231069706,0.0133042466280749
0.410751725158696,0.0733706838053518,0.0569050695348171,0.0451792345954412,0.0371862107501463,0.0126671855499338
0.413535418676339,0.0738454496444912,0.0570733458128244,0.0451299817979977,0.0369889588532252,0.0120170639931125
0.416304350695414,0.0743145429324109,0.0572340014805655,0.0450717297046813,0.0367817710342045,0.0113541453635571
0.419058525240642,0.074778080123168,0.0573871944544847,0.0450046654042656,0.0365648541271303,0.0106786964825042
0.42179794808638,0.0752361804274227,0.0575330855268975,0.04492897894462,0.0363384179812639,0.00999098735630422
0.424522626729847,0.0756889656584486,0.0576718381918022,0.0448448631443952,0.0361026752632315,0.00929129094972891
0.427232570364203,0.0761365600804406,0.0578036184733544,0.0447525134076143,0.0358578412622519,0.00857988296286638
0.429927789851526,0.0765790902591738,0.0579285947570574,0.0446521275412413,0.0356041336985129,0.00785704161168732
0.432608297695696,0.0770166849150897,0.0580469376237505,0.0445439055758058,0.0353417725347773,0.00712304741236758
0.435274108015184,0.0774494747788589,0.0581588196864535,0.0444280495891493,0.035070979791293,0.00637818296945225
0.437925236515787,0.0778775924494743,0.0582644154301275,0.044304763533352,0.0347919793640578,0.00562273276792136
0.440561700463307,0.0783011722549283,0.0583639010544025,0.0441742530649016,0.0345049968465139,0.00485698296923243
0.443183518656182,0.0787203501155099,0.058457454319321,0.0440367253781491,0.0342102593547114,0.00408122121139232
0.445790711398111,0.0791352634097755,0.0585452543941476,0.0438923890421076,0.033907995356002,0.0032957364131202
0.448383300470648,0.079546050843216,0.0586274817092773,0.0437414538406292,0.0335984345012965,0.00250081858213957
0.450961309105814,0.0799528523196619,0.0587043178112806,0.0435841306159955,0.0332818074609281,0.00169675862764951
0.453524761958711,0.0803558088154528,0.0587759452211157,0.0434206311159636,0.0329583457641586,0.000883848177010926
0.456073685080175,0.0807550622563961,0.0588425472955383,0.0432511678442865,0.0326282816423502,6.23793966738617e-05
0.458608105889463,0.0811507553975356,0.0589043080917256,0.043075953914735,0.0322918478758316,-0.000767355182619722
0.461128053146987,0.0815430317057505,0.0589614122351394,0.0428952029086413,0.0319492776444767,-0.00160506283634376
0.463633556927124,0.0819320352451961,0.0590140447906378,0.0427091287359819,0.0316008043820134,-0.00245045081238293
0.466124648591087,0.0823179105655981,0.0590623911368501,0.0425179455000002,0.0312466616340686,-0.00330322649291226
0.468601360759891,0.0827008025934108,0.0591066368438222,0.0423218673653917,0.0308870829199642,-0.00416309755194388
0.471063727287413,0.0830808565258406,0.0591469675539356,0.0421211084300455,0.0305223015982603,-0.00502977210854794
0.473511783233552,0.0834582177277394,0.0591835688661025,0.0419158826003428,0.0301525507360523,-0.00590295887574055
0.47594556483752,0.0838330316313599,0.0592166262232272,0.0417064034700101,0.0297780629820075,-0.00678236730505621
0.478365109491242,0.0842054436389804,0.0592463248029396,0.0414928842025223,0.029399070443145,-0.00766770772680159
0.480770455712907,0.084575599028383,0.0592728494115852,0.0412755374170426,0.0290158045653419,-0.00855869148601496
0.483161643120651,0.0849436428611715,0.0592963843814538,0.0410545750778846,0.0286284960175449,-0.00945503107414591
0.485538712406405,0.0853097198939359,0.0593171134712475,0.0408302083874835,0.028237374579687,-0.010356440256473
0.487901705309897,0.0856739744922245,0.0593352197697544,0.0406026476828559,0.0278426690342664,-0.0112626341952904
0.490250664592825,0.0860365505473252,0.0593508856027211,0.0403721023355238,0.0274446070615857,-0.0121733295688861
0.492585634013212,0.0863975913958317,0.0593642924428923,0.040138780654884,0.0270434151386086,-0.0130882446863444
0.494906658299944,0.0867572397419645,0.0593756208231949,0.0399028897949831,0.0266393184414099,-0.0140070995982139
0.497213783127499,0.0871156375826408,0.0593850502530474,0.0396646356646853,0.0262325407511955,-0.0149296162030604
0.499507055090876,0.0874729261352524,0.0593927591377511,0.0394242228411883,0.0258233043638438,-0.015855518349967
0.501786521680735,0.0878292457681303,0.0593989247009435,0.0391818544868537,0.0254118300029439,-0.0167845319370065
0.504052231258742,0.0881847359336736,0.0594037229100774,0.0389377322693274,0.0249983367362859,-0.0177163850057369
0.506304233033139,0.0885395351041034,0.0594073284048889,0.038692056284895,0.0245830418957704,-0.0186508078317686
0.508542577034534,0.0888937807098092,0.0594099144288176,0.0384450249850413,0.0241661610006797,-0.0195875330114521
0.510767314091922,0.0892476090802669,0.0594116527633457,0.0381968351061783,0.0237479076842868,-0.0205262955447312
0.512978495808942,0.0896011553874789,0.0594127136652086,0.0379476816024824,0.0233284936237398,-0.0214668329142258
0.515176174540374,0.0899545535919111,0.0594132658064433,0.037697757581811,0.0229081284731817,-0.0224088851605886
0.517360403368878,0.090307936390882,0.0594134762172256,0.0374472542446423,0.022487019800058,-0.0233521949541996
0.519531236081983,0.0906614351693742,0.0594135102314581,0.0371963608259949,0.0220653730245552,-0.0242965076632524
0.521688727149333,0.0910151799532212,0.0594135314350599,0.0369452645402815,0.0216433913621292,-0.0252415714182923
0.523832931700183,0.091369299364634,0.0594137016169147,0.0366941505290392,0.0212212757690591,-0.0261871371732687
0.525963905501161,0.091723920580026,0.0594141807224318,0.0364432018114935,0.020799224890984,-0.0271329587631621
0.52808170493429,0.0920791692900942,0.0594151268096654,0.0361925992378949,0.0203774350143575,-0.0280787929582496
0.530186386975283,0.0924351696621136,0.0594166960079539,0.03594252144559,0.0199561000207765,-0.0290243995150705
0.532278009172098,0.0927920443044032,0.0594190424790246,0.0356931448177567,0.0195354113441186,-0.0299695412241611
0.534356629623779,0.0931499142329217,0.0594223183805136,0.0354446434447655,0.019115557930433,-0.0309139839546171
0.536422306959558,0.093508898839943,0.0594266738318521,0.0351971890880964,0.0186967262005351,-0.0318574966955609
0.538475100318244,0.0938691158647753,0.0594322568824692,0.0349509511467767,0.0182791000152314,-0.0327998515945653
0.540515069327889,0.0942306813664716,0.0594392134822622,0.0347060966262625,0.0178628606431392,-0.0337408239931176
0.542542274085734,0.094593709698496,0.0594476874542762,0.0344627901097261,0.0174481867310192,-0.034680192459172
0.544556775138436,0.094958313485286,0.0594578204695507,0.0342211937316821,0.0170352542765773,-0.035617738816883
0.546558633462583,0.0953246036006826,0.0594697520240757,0.0339814671539007,0.0166242366036704,-0.03655324817356
0.548547910445493,0.0956926891481726,0.0594836194178016,0.0337437675435557,0.016215304339861,-0.0374865089439331
0.550524667866298,0.0960626774428966,0.0594995577356696,0.0335082495535444,0.0158086253962573,-0.0384173128717873
0.552488967877315,0.0964346739953836,0.059517699830584,0.0332750653049223,0.0154043649495816,-0.0393454550490344
0.554440872985709,0.0968087824969625,0.0595381763082974,0.0330443643714087,0.0150026854264117,-0.040270733932295
0.556380446035433,0.0971851048068091,0.0595611155141451,0.032816293765894,0.0146037464895276,-0.0411929513570477
0.558307750189474,0.0975637409405767,0.0595866435215825,0.0325909979288963,0.0142077050263159,-0.0421119125494318
0.560222848912372,0.0979447890605714,0.0596148841224722,0.0323686187189174,0.0138147151391599,-0.0430274261357486
0.562125805953034,0.0983283454674274,0.0596459588190696,0.0321492954046383,0.013424928137777,-0.043939304149742
0.564016685327838,0.0987145045932354,0.0596799868176598,0.0319331646589016,0.0130384925334259,-0.0448473620377234
0.565895551304022,0.0991033589960753,0.0597170850237907,0.0317203605544185,0.0126555540349318,-0.0457514186616046
0.567762468383359,0.0994949993559271,0.0597573680390586,0.031511014561163,0.0122762555464873,-0.0466512962998966
0.569617501286127,0.0998895144718872,0.059800948159386,0.0313052555453834,0.0119007371671473,-0.0475468206467622
0.571460714935355,0.100286991260686,0.0598479353747636,0.031103209770186,0.0115291361919887,-0.0484378208091518
0.573292174441361,0.10068751475642,0.0598984373703766,0.0309050008976393,0.0111615871148529,-0.049324129302124
0.575111945086572,0.101091168111493,0.0599525595291056,0.0307107499923385,0.0107982216326457,-0.0502055820423797
0.576920092310629,0.101498032598712,0.0600104049353167,0.0305205755263946,0.0104391686511116,-0.051082018340098
0.578716681695769,0.101908187614486,0.0600720743799283,0.0303345933857815,0.0100845542920502,-0.0519532808891152
0.580501778952498,0.102321710683101,0.0601376663666759,0.0301529168779973,0.00973450190191549,-0.0528192157555283
0.582275449905526,0.102738677462034,0.0602072771195612,0.0299756567409957,0.00938913206174186,-0.0536796723647555
0.584037760480001,0.103159161748246,0.0602810005914181,0.0298029211533293,0.00904856259834941,-0.0545345034871438
0.585788776687998,0.10358323548544,0.0603589284735591,0.0296348157454678,0.00871290859678497,-0.0553835652221522
0.587528564615299,0.104010968772235,0.0604411502064579,0.0294714436122292,0.00838228241393102,-0.0562267169811912
0.589257190408433,0.104442429871204,0.0605277529914312,0.0293129053262966,0.00805679369325629,-0.0570638214691588
0.590974720261994,0.104877685218773,0.0606188218032677,0.0291592989527583,0.00773654938064361,-0.0578947446647331
0.592681220406222,0.105316799435913,0.0607144394037709,0.0290107200646361,0.0074216537412537,-0.0587193557994836
0.594376757094857,0.105759835339597,0.0608146863561689,0.0288672617593539,0.00711220837737869,-0.0595375273358376
0.596061396593248,0.10620685395501,0.0609196410403601,0.0287290146761057,0.00680831224724399,-0.0603491349439709
0.59773520516673,0.106657914528443,0.0610293796689485,0.028596067014083,0.00651006168470381,-0.0611540574776595
0.59939824906926,0.107113074540851,0.0611439763040287,0.0284685045515065,0.00621755041979544,-0.0619521769491591
0.601050594532309,0.107572389722068,0.061263502874696,0.0283464106654476,0.00593086960010858,-0.0627433785031413
0.602692307754005,0.108035914065594,0.0613880291952302,0.0282298663523723,0.00565010781292763,-0.0635275503897512
0.604323454888535,0.108503699843976,0.0615176229839232,0.0281189502493835,0.00537535110809695,-0.0643045839368281
0.605944102035792,0.108975797624717,0.0616523498825203,0.0280137386561274,0.00510668302158823,-0.0650743735213288
0.60755431523127,0.109452256286696,0.06179227347623,0.0279143055573163,0.00484418459971514,-0.0658368165400094
0.609154160436204,0.109933123037074,0.0619374553142831,0.0278207226458329,0.00458793442395722,-0.0665918133794028
0.610743703527949,0.11041844342864,0.0620879549309956,0.0277330593463909,0.00433800863636891,-0.0673392673851347
0.612323010290602,0.110908261377599,0.0622438298673107,0.0276513828397078,0.004094480965525,-0.0680790848306227
0.613892146405857,0.111402619181736,0.0624051356927846,0.0275757580871574,0.00385742275297152,-0.0688111748851956
0.615451177444096,0.111901557538968,0.0625719260279964,0.027506247855871,0.00362690298014412,-0.0695354495816791
0.617000168855704,0.112405115566232,0.0627442525673316,0.027442912744263,0.00340298829573671,-0.0702518237834786
0.618539185962623,0.112913330818686,0.0629221651021421,0.0273858112079302,0.00318574304345209,-0.0709602151512005
0.62006829395012,0.113426239309226,0.0631057115442162,0.027334999585916,0.00297522929014815,-0.0716605441088491
0.621587557858782,0.113943875528249,0.0632949379495729,0.0272905321272994,0.00277150685431593,-0.0723527338096366
0.623097042576729,0.114466272463682,0.063489888542515,0.0272524610180793,0.00257463333486641,-0.0730367101014318
0.624596812832046,0.114993461621232,0.0636906057399493,0.0272208364083335,0.00238466414020722,-0.0737124014918931
0.626086933185419,0.115525473044839,0.063897130175923,0.0271957064396167,0.00220165251757054,-0.0743797391133132
0.627567468022991,0.116062335337311,0.0641095007263734,0.0271771172725788,0.00202564958257012,-0.0750386566871977
0.629038481549424,0.116604075681127,0.0643277545340473,0.0271651131147777,0.00185670434895724,-0.07568909048863
0.630500037781154,0.117150719859383,0.0645519270335899,0.0271597362486555,0.00169486375855432,-0.0763309793104259
0.631952200539864,0.117702292276855,0.064782051976757,0.0271610270596636,0.00154017271133422,-0.0769642644271318
0.633395033446141,0.118258815981177,0.0650181614577563,0.0271690240645066,0.00139267409563737,-0.0775888895588708
0.634828599913335,0.1188203126841,0.0652602859386704,0.0271837639394907,0.00125240881847466,-0.078204800835086
0.63625296314161,0.119386802782834,0.065508454274964,0.0272052815489414,0.00111941583592801,-0.0788119467581845
0.63766818611218,0.119958305381423,0.0657626937410454,0.0272336099736912,0.000993732183597551,-0.0794102781671293
0.639074331581734,0.120534838312182,0.0660230300558633,0.0272687805395939,0.000875393007094827,-0.0799997482009833
0.640471462077046,0.121116418157145,0.066289487408528,0.0273108228460694,0.000764431592553017,-0.0805803122624433
0.641859639889761,0.121703060269516,0.0665620884839317,0.027359764794636,0.000660879397130554,-0.0811519279813777
0.643238927071357,0.12229477879513,0.0668408544883652,0.027415632617438,0.000564766079499179,-0.0817145551783935
0.644609385428289,0.122891586693877,0.0671258051750951,0.0274784509057362,0.000476119530298913,-0.0822681558284515
0.645971076517295,0.12349349576111,0.0674169588699041,0.0275482426383364,0.000394965902525524,-0.0828126940245524
0.647324061640877,0.124100516648993,0.067714332496573,0.0276250292099749,0.000321329641859824,-0.0833481359415083
0.64866840184294,0.1247126588878,0.0680179416022926,0.0277088304595994,0.000255233516901932,-0.0838744497998229
0.650004157904601,0.125329930907141,0.068327800382989,0.0277996646985703,0.000196698649300941,-0.0843916058296905
0.651331390340153,0.125952340057112,0.0686439217085484,0.0278975487387423,0.000145744543776694,-0.0848995762351443
0.652650159393186,0.126579892629352,0.0689663171479415,0.0280024979204379,0.000102389118003865,-0.0853983351583527
0.653960525032861,0.127212593877997,0.0692949969942203,0.0281145261402687,6.6648732350183e-05,-0.0858878586440928
0.655262546950338,0.127850448040524,0.0696299702893772,0.0282336458788222,3.85382194623141e-05,-0.0863681246044101
0.656556284555345,0.128493458358484,0.0699712448490799,0.0283598682281812,1.80709136841095e-05,-0.0868391127834771
0.657841796972901,0.129141627098091,0.070318827287233,0.0284932029192879,5.25868028544707e-06,-0.0873008047226675
0.659119143040176,0.129794955570691,0.0706727230403923,0.0286336583491105,1.11944513214723e-07,-0.0877531837258561
0.660388381303488,0.13045344415307,0.0710329363919997,0.0287812416076332,2.63972042313654e-06,-0.088196234824961
0.661649570015443,0.131117092307627,0.0713994704964442,0.0289359585046443,1.28496395195299e-05,-0.0886299447457293
0.662902767132205,0.131785898602374,0.0717723274029298,0.0290978135963127,3.07479791596954e-05,-0.0890543018737908
0.664148030310898,0.132459860730776,0.0721515080791535,0.0292668102115541,5.63396907340419e-05,-0.0894692962209778
0.665385416907136,0.13313897553142,0.0725370124347764,0.0294429504781699,8.96284276032944e-05,-0.0898749193919302
0.666614983972682,0.133823239007504,0.0729288393446867,0.0296262353487584,0.000130616572804332,-0.0902711645509859
0.667836788253227,0.134512646346145,0.0733269866720487,0.0298166646263829,0.000179305266480467,-0.0906580263893733
0.669050886186288,0.135207191937493,0.0737314512911298,0.0300142369899972,0.000235694433071698,-0.09103550109271
0.670257333899231,0.135906869393657,0.0741422291098959,0.0302189500196235,0.00029978280822851,-0.0914035863088145
0.671456187207403,0.13661167156743,0.0745593150923796,0.0304308002212685,0.000371567965451014,-0.091762281115837
0.67264750161238,0.137321590570815,0.0749827032808104,0.0306497830515848,0.000451046342460071,-0.092111585990724
0.673831332300328,0.138036617793338,0.0754123868174987,0.0308758929422537,0.000538213267273768,-0.0924515027780095
0.675007734140464,0.138756743920159,0.0758483579664804,0.0311091233241139,0.00063306298400212,-0.0927820346589519
0.676176761683632,0.139481958949963,0.0762906081349037,0.0313494666509946,0.000735588678349108,-0.0931031861210081
0.677338469160977,0.140212252212641,0.07673912789417,0.031596914423289,0.000845782502814307,-0.0934149629276659
0.678492910482721,0.140947612386748,0.077193907000815,0.0318514572112303,0.000963635601595847,-0.0937173720886213
0.67964013923704,0.14168802751674,0.0776549344171258,0.0321130846778899,0.00108913813519562,-0.0940104218303199
0.680780208689031,0.142433485029986,0.0781221983315104,0.0323817856018831,0.00122227930470231,-0.0942941215668531
0.681913171779783,0.143183971753561,0.0785956861785815,0.0326575478997864,0.00136304737578774,-0.0945684818712271
0.683039081125527,0.143939473930803,0.0790753846589922,0.032940358648256,0.00151142970236284,-0.0948335144469907
0.684157989016888,0.144699977237644,0.0795612797589984,0.0332302041058603,0.0016674127499483,-0.0950892321002339
0.685269947418217,0.145465466798713,0.0800533567697435,0.0335270697345984,0.00183098211871346,-0.0953356487119663
0.686375007967009,0.146235927203206,0.0805516003062792,0.0338309402211443,0.00200212256619237,-0.0955727792108569
0.687473221973407,0.147011342520522,0.0810559943263187,0.0341417994977655,0.00218081802970183,-0.09580063954636
0.688564640419785,0.147791696315667,0.0815665221487061,0.0344596307629583,0.00236705164841777,-0.0960192466622083
0.689649313960408,0.148576971664425,0.08208316647162,0.0347844165017737,0.00256080578514561,-0.0962286184702892
0.690727292921172,0.149367151168297,0.0826059093904976,0.0351161385058463,0.0027620620477613,-0.0964287738248992
0.69179862729942,0.150162216969199,0.0831347324156915,0.0354547778931162,0.00297080131034599,-0.0966197324973672
0.692863366763826,0.150962150763932,0.0836696164898445,0.0358003151272497,0.00318700373397052,-0.0968015151510737
0.693921560654355,0.151766933818419,0.0842105420049948,0.0361527300367583,0.00341064878719188,-0.0969741433168283
0.694973257982287,0.152576546981703,0.0847574888194096,0.0365120018338172,0.00364171526620738,-0.0971376393686385
0.696018507430316,0.153390970699714,0.0853104362741357,0.0368781091327817,0.00388018131469581,-0.0972920264998542
0.697057357352703,0.154210185028806,0.0858693632092895,0.0372510299684015,0.00412602444333787,-0.0974373286996806
0.698089855775507,0.155034169649056,0.0864342479800697,0.0376307418137363,0.00437922154902104,-0.0975735707300784
0.699116050396861,0.15586290387734,0.0870050684724937,0.0380172215977694,0.00463974893371399,-0.0977007781030279
0.700135988587327,0.156696366680172,0.0875818021188728,0.0384104457227332,0.00490758232305311,-0.0978189770581732
0.70114971739029,0.157534536686317,0.0881644259130159,0.0388103900811281,0.00518269688457851,-0.0979281945408341
0.702157283522424,0.158377392199175,0.0887529164251628,0.039217030072447,0.00546506724567708,-0.0980284581803901
0.703158733374205,0.15922491120894,0.0893472498166572,0.0396303406196177,0.00575466751122122,-0.098119796269025
0.704154113010476,0.160077071404533,0.0899474018543498,0.0400502961851372,0.00605147128087369,-0.0982022377408525
0.705143468171076,0.16093385018531,0.0905533479247409,0.0404768707869316,0.00635545166610152,-0.0982758121513885
0.706126844271498,0.16179522467255,0.0911650630478644,0.0409100380139171,0.00666658130688291,-0.098340549657395
0.707104286403617,0.162661171720724,0.0917825218909125,0.0413497710412827,0.00698483238810477,-0.0983964809970796
0.708075839336455,0.163531667928534,0.0924056987815982,0.0417960426454818,0.00731017665565359,-0.0984436374706528
0.709041547516985,0.164406689649755,0.0930345677212701,0.0422488252189519,0.00764258543223217,-0.0984820509212323
0.710001455070996,0.165286213003847,0.0936691023977683,0.0427080907845423,0.00798202963283767,-0.0985117537161118
0.710955605803987,0.166170213886353,0.0943092761980342,0.0431738110096804,0.0083284797799883,-0.0985327787283619
0.711904043202105,0.167058667979096,0.0949550622204733,0.0436459572202534,0.00868190601862961,-0.0985451593187863
0.712846810433128,0.16795155076016,0.095606433287061,0.0441245004142159,0.00904227813075775,-0.0985489293182167
0.713783950347482,0.168848837513663,0.0962633619552236,0.0446094112749411,0.00940956554977168,-0.0985441230101456
0.714715505479295,0.169750503339335,0.0969258205294607,0.0451006601842932,0.00978373737451688,-0.0985307751136921
0.715641518047491,0.170656523161878,0.097593781072737,0.0455982172354392,0.0101647623830681,-0.0985089207669088
0.716562029956915,0.171566871740136,0.0982672154176398,0.0461020522454048,0.0105526090462251,-0.0984785955104059
0.717477082799493,0.172481523676071,0.0989460951772996,0.0466121347673698,0.0109472455407362,-0.0984398352713045
0.718386717855422,0.173400453423523,0.0996303917560786,0.047128434102703,0.0113486397622509,-0.0983926763475189
0.719290976094398,0.174323635296807,0.100320076360036,0.047650919312751,0.0117567593380055,-0.0983371553923442
0.720189898176862,0.175251043479092,0.101015120007168,0.0481795592303778,0.0121715716392339,-0.098273309399366
0.721083524455288,0.176182652030603,0.101715493537416,0.048714322471255,0.012593043793327,-0.0982011756876822
0.721971894975488,0.177118434896639,0.102421167622471,0.0492551774449086,0.013021142695735,-0.098120791887427
0.72285504947795,0.178058365915402,0.103132112775344,0.04980209236553,0.0134558350215954,-0.0980321959255988
0.7237330273992,0.179002418825644,0.103848299359734,0.0503550352625455,0.0138970872371345,-0.0979354260121941
0.724605867873185,0.17995056727414,0.104569697599183,0.0509139739909537,0.0143448656107927,-0.0978305206266268
0.725473609732685,0.180902784822986,0.105296277586016,0.0514788762414298,0.0147991362241309,-0.0977175185044485
0.726336291510741,0.18185904495671,0.106028009290082,0.0520497095502084,0.0152598649824676,-0.0975964586243503
0.727193951442114,0.182819321089231,0.106764862567295,0.0526264413087334,0.015727017625299,-0.097467380195456
0.728046627464753,0.183783586570632,0.107506807167963,0.0532090387730921,0.0162005597364696,-0.0973303226448849
0.72889435722129,0.184751814693777,0.108253812744933,0.0537974690732308,0.0166804567541132,-0.0971853256056057
0.729737178060552,0.185723978700763,0.109005848861536,0.0543916992219509,0.017166673980368,-0.0970324289045474
0.73057512703909,0.186700051789201,0.10976288499934,0.0549916961236974,0.0176591765908585,-0.0968716725509915
0.731408240922725,0.187680007118359,0.110524890565721,0.0555974265831405,0.0181579296439676,-0.0967030967252178
0.732236556188111,0.18866381781512,0.111291834901238,0.0562088573135426,0.0186628980898704,-0.0965267417674287
0.733060109024313,0.189651456979816,0.112063687286837,0.0568259549449346,0.0191740467793728,-0.0963426481669027
0.733878935334398,0.190642897691889,0.112840416950875,0.0574486860320838,0.0196913404725203,-0.0961508565514309
0.734693070737038,0.19163811301541,0.113621993075945,0.0580770170622691,0.0202147438470064,-0.0959514076769836
0.735502550568136,0.19263707600446,0.114408384805572,0.0587109144628664,0.0207442215063776,-0.0957443424176252
0.736307409882446,0.193639759708351,0.115199561250685,0.0593503446087342,0.021279737988023,-0.095529701755682
0.737107683455224,0.19464613717672,0.115995491495968,0.0599952738294269,0.0218212577709811,-0.0953075267721268
0.737903405783874,0.195656181464479,0.116796144606014,0.0606456684162116,0.0223687452835377,-0.0950778586372176
0.738694611089614,0.196669865636625,0.117601489631328,0.0613014946289114,0.0229221649106388,-0.0948407386013579
0.739481333319147,0.19768716277292,0.118411495614175,0.0619627187025706,0.0234814810011024,-0.0945962079861808
0.740263606146338,0.198708045972439,0.119226131594266,0.0626293068539407,0.0240466578746661,-0.0943443081758599
0.741041462973906,0.199732488357988,0.120045366614286,0.0633012252877996,0.0246176598288219,-0.0940850806086369
0.741814936935118,0.200760463080398,0.12086916972528,0.0639784402031056,0.0251944511455044,-0.0938185667685625
0.742584060895491,0.201791943322686,0.121697509991881,0.0646609177989745,0.0257769960975662,-0.0935448081774584
0.743348867454501,0.202826902304104,0.122530356497403,0.0653486242805035,0.0263652589551087,-0.0932638463870714
0.744109388947294,0.203865313284061,0.123367678348775,0.0660415258644413,0.0269592039916318,-0.0929757229714432
0.744865657446408,0.204907149565931,0.124209444681354,0.0667395887846807,0.0275587954900129,-0.0926804795194784
0.745617704763495,0.205952384500748,0.125055624663584,0.0674427792976171,0.0281639977483215,-0.0923781576277047
0.746365562451047,0.207000991490777,0.125906187501526,0.0681510636873515,0.0287747750854837,-0.0920687988932358
0.74710926180413,0.20805294399299,0.126761102443259,0.0688644082707399,0.0293910918467706,-0.0917524449069109
0.747848833862112,0.209108215522416,0.127620338783143,0.0695827794023023,0.0300129124091462,-0.0914291372466338
0.748584309410402,0.2101667796554,0.128483865865956,0.0703061434789847,0.0306402011864577,-0.0910989174708869
0.749315718982188,0.21122861003275,0.129351653090916,0.0710344669447915,0.0312729226344697,-0.0907618271124275
0.750043092860174,0.212293680362778,0.130223669915562,0.0717677162952643,0.0319110412557637,-0.0904179076721596
0.750766461078322,0.213361964424256,0.131099885859534,0.0725058580818436,0.0325545216044865,-0.0900672006131766
0.751485853423592,0.214433436069245,0.13198027050822,0.0732488589160893,0.0332033282909525,-0.0897097473549806
0.75220129943768,0.215508069225867,0.132864793516298,0.0739966854737708,0.033857425986124,-0.089345589267857
0.752912828418765,0.216585837900947,0.133753424611157,0.0747493044988374,0.0345167794259349,-0.0889747676674211
0.753620469423242,0.217666716182588,0.134646133596214,0.0755066828072568,0.0351813534155032,-0.0885973238093216
0.754324251267463,0.21875067824264,0.135542890354116,0.0762687872907417,0.035851112833194,-0.0882132988840993
0.755024202529477,0.219837698339084,0.136443664849842,0.0770355849203472,0.0365260226345656,-0.0878227340122031
0.755720351550762,0.220927750818344,0.137348427133696,0.0778070427499613,0.0372060478561913,-0.0874256702391487
0.756412726437961,0.222020810117497,0.138257147344203,0.0785831279196718,0.0378911536193574,-0.087022148530838
0.75710135506461,0.223116850766401,0.139169795710896,0.0793638076590324,0.0385813051336323,-0.0866122097690099
0.75778626507287,0.224215847389758,0.140086342557023,0.0801490492902079,0.0392764677003323,-0.0861958947468358
0.758467483875248,0.225317774709084,0.14100675830214,0.0809388202310228,0.0399766067158693,-0.0857732441646646
0.759145038656323,0.226422607544605,0.14193101346462,0.0817330879978977,0.0406816876749745,-0.0853442986258868
0.759818956374458,0.227530320817082,0.14285907866407,0.0825318202086862,0.0413916761738324,-0.0849090986329406
0.760489263763521,0.228640889549554,0.143790924623659,0.0833349845854134,0.0421065379130816,-0.0844676845834518
0.761155987334588,0.229754288869026,0.144726522172355,0.0841425489569163,0.0428262387007403,-0.0840200967664888
0.761819153377651,0.230870494008062,0.145665842247088,0.0849544812613838,0.0435507444550041,-0.0835663753589579
0.76247878796332,0.231989480306327,0.146608855894808,0.0857707495488018,0.0442800212069474,-0.083106560422106
0.763134916944514,0.233111223212064,0.147555534274488,0.0865913219833225,0.0450140351031418,-0.0826406918981522
0.763787565958153,0.234235698283491,0.148505848659027,0.0874161668455251,0.0457527524081653,-0.0821688096070323
0.764436760426845,0.235362881190148,0.149459770437082,0.0882452525345934,0.0464961395070151,-0.081690953243259
0.765082525560557,0.236492747714175,0.150417271114833,0.0890785475704199,0.0472441629074281,-0.0812071623728938
0.765724886358295,0.237625273751525,0.151378322317656,0.0899160205956075,0.0479967892421325,-0.0807174764306247
0.766363867609769,0.238760435313134,0.15234289579174,0.0907576403774115,0.0487539852709835,-0.0802219347169539
0.766999493897047,0.239898208526014,0.153310963405623,0.0916033758095764,0.0495157178830219,-0.0797205763954967
0.767631789596216,0.2410385696343,0.154282497151663,0.092453195914123,0.0502819540984625,-0.0792134404903635
0.768260778879026,0.242181495000245,0.155257469147447,0.0933070698430272,0.0510526610705844,-0.0787005658836648
0.768886485714527,0.243326961105148,0.15623585163712,0.0941649668798634,0.0518278060875481,-0.0781819913130919
0.769508933870704,0.244474944550244,0.157217616992665,0.0950268564413346,0.0526073565741276,-0.0776577553696134
0.770128146916103,0.245625422057536,0.158202737715107,0.0958927080787668,0.0533912800933853,-0.0771278964952451
0.770744148221447,0.246778370470586,0.159191186435681,0.0967624914795113,0.0541795443482451,-0.0765924529809281
0.771356960961249,0.247933766755234,0.160182935916895,0.0976361764682872,0.0549721171830191,-0.076051462964482
0.77196660811541,0.2490915880003,0.161177959053588,0.0985137330084633,0.0557689665848446,-0.0755049644286552
0.772573112470819,0.250251811418227,0.16217622887389,0.0993951312032721,0.0565700606850559,-0.0749529951992502
0.773176496622936,0.251414414345673,0.163177718540158,0.100280341296954,0.057375367760502,-0.0743955929433402
0.773776782977371,0.252579374244067,0.164182401349828,0.101169333675852,0.0581848562347824,-0.0738327951675619
0.774373993751458,0.253746668700126,0.16519025073624,0.102062078869447,0.0589984946794235,-0.0732646392164851
0.774968150975814,0.25491627542632,0.166201240269402,0.102958547551322,0.0598162518149925,-0.0726911622710653
0.775559276495891,0.256088172261312,0.167215343656702,0.103858710540083,0.0606380965121622,-0.072112401347165
0.776147391973526,0.257262337170342,0.168232534743578,0.104762538800222,0.0614639977926901,-0.0715283932941508
0.776732518888473,0.258438748245586,0.169252787514132,0.105670003442925,0.0622939248303682,-0.0709391747935593
0.777314678539934,0.259617383706478,0.170276076091716,0.106581075726823,0.0631278469518977,-0.0703447823578411
0.777893892048076,0.260798221899987,0.171302374739446,0.107495727058709,0.0639657336377155,-0.069745252329156
0.778470180355541,0.261981241300865,0.172331657860698,0.108413928994185,0.0648075545227673,-0.069140620878255
0.779043564228951,0.263166420511864,0.173363899999551,0.109335653238267,0.0656532793972247,-0.0685309240034071
0.779614064260392,0.264353738263916,0.174399075841189,0.110260871645957,0.0665028782071655,-0.0679161975294007
0.780181700868906,0.265543173416285,0.175437160212266,0.111189556222756,0.0673563210551715,-0.0672964771066051
0.78074649430196,0.266734704956682,0.176478128081226,0.112121679125127,0.0682135782009272,-0.0666717982100846
0.781308464636908,0.267928312001359,0.177521954558598,0.113057212660934,0.0690746200617274,-0.0660421961387789
0.781867631782455,0.269123973795163,0.178568614897235,0.113996129289825,0.0699394172129599,-0.0654077060147342
0.782424015480092,0.27032166971157,0.179618084492546,0.114938401623577,0.0708079403885469,-0.0647683627823925
0.782977635305543,0.271521379252694,0.180670338882655,0.115884002426402,0.0716801604813346,-0.0641242012079353
0.783528510670185,0.272723082049262,0.181725353748567,0.116832904615216,0.0725560485434373,-0.0634752558786689
0.784076660822468,0.27392675786056,0.182783104914273,0.117785081259874,0.0734355757865623,-0.0628215612024796
0.784622104849323,0.275132386574373,0.18384356834683,0.118740505583355,0.0743187135822652,-0.0621631514073213
0.785164861677563,0.276339948206881,0.184906720156428,0.119699150961927,0.0752054334621901,-0.0615000605407561
0.785704950075269,0.277549422902534,0.18597253659639,0.120660990925275,0.076095707118264,-0.0608323224695484
0.786242388653172,0.278760790933922,0.187040994063189,0.121625999156583,0.0769895064028558,-0.0601599708792895
0.78677719586602,0.279974032701605,0.188112069096398,0.122594149492601,0.0778868033288944,-0.0594830392740868
0.787309390013942,0.281189128733924,0.18918573837863,0.123565415923673,0.0787875700699678,-0.0588015609762715
0.787838989243796,0.282406059686797,0.190261978735463,0.124539772593728,0.0796917789603686,-0.0581155691261728
0.788366011550513,0.283624806343501,0.19134076713531,0.125517193800258,0.0805994024951264,-0.0574250966819125
0.788890474778425,0.284845349614414,0.192422080689296,0.126497653994248,0.0815104133299958,-0.056730176419248
0.78941239662259,0.286067670536767,0.193505896651083,0.127481127780095,0.0824247842814225,-0.0560308409314585
0.789931794630101,0.287291750274349,0.194592192416701,0.128467589915491,0.0833424883264717,-0.0553271226292544
0.790448686201394,0.288517570117221,0.195680945524328,0.129457015311278,0.0842634986027369,-0.0546190537407365
0.790963088591534,0.289745111481393,0.196772133654064,0.13044937903129,0.0851877884082195,-0.0539066663113781
0.791475018911501,0.290974355908496,0.197865734627687,0.131444656292158,0.08611533120117,-0.0531899922040546
0.791984494129468,0.292205285065441,0.198961726408385,0.132442822463096,0.0870461005999212,-0.0524690630990921
0.792491531072057,0.29343788074405,0.200060087100454,0.133443853065667,0.0879800703826863,-0.0517439104943569
0.792996146425599,0.294672124860682,0.201160794949002,0.134447723773521,0.0889172144873331,-0.0510145657053727
0.793498356737379,0.295907999455853,0.202263828339623,0.135454410412112,0.0898575070111285,-0.0502810598654699
0.793998178416864,0.297145486693825,0.203369165798044,0.13646388895841,0.0908009222104846,-0.0495434239259591
0.794495627736939,0.298384568862196,0.204476785989775,0.137476135540568,0.0917474345006548,-0.0488016886563383
0.794990720835114,0.299625228371469,0.205586667719726,0.138491126437585,0.0926970184554143,-0.0480558846445254
0.795483473714736,0.300867447754613,0.20669878993181,0.13950883807895,0.0936496488067351,-0.0473060422971159
0.795973902246181,0.30211120966662,0.20781313170855,0.140529247044266,0.0946053004444352,-0.0465521918396643
0.796462022168048,0.303356496884035,0.208929672270641,0.141552330062852,0.0955639484157924,-0.0457943633169977
0.79694784908833,0.304603292304494,0.210048390976522,0.142578064013336,0.0965255679251591,-0.0450325865935461
0.797431398485586,0.305851578946228,0.211169267321923,0.14360642592323,0.0974901343335581,-0.0442668913536943
0.7979126857101,0.307101339947593,0.212292280939402,0.144637392968483,0.0984576231582435,-0.0434973071021703
0.79839172598503,0.308352558566551,0.213417411597868,0.14567094247303,0.0994280100722671,-0.0427238631644307
0.798868534407547,0.309605218180173,0.214544639202101,0.146707051908312,0.100401270904016,-0.0419465886870953
0.799343125949968,0.310859302284116,0.21567394379224,0.147745698892804,0.101377381636731,-0.0411655126383801
0.799815515460878,0.312114794492103,0.21680530554328,0.148786861191502,0.102356318408033,-0.0403806638085542
0.800285717666239,0.313371678535385,0.217938704764559,0.149830516715427,0.103338057509405,-0.0395920708104294
0.800753747170495,0.314629938262212,0.219074121899206,0.150876643521084,0.104322575385674,-0.0387997620798459
0.80121961845767,0.31588955763727,0.220211537523624,0.151925219809946,0.105309848634492,-0.0380037658761934
0.801683345892443,0.317150520741143,0.221350932346922,0.152976223927888,0.106299854005783,-0.0372041102829392
0.802144943721236,0.318412811769745,0.222492287210365,0.15402963436465,0.107292568401188,-0.0364008232081829
0.802604426073269,0.319676415033765,0.223635583086806,0.15508542975325,0.1082879688735,-0.0355939323852046
0.803061806961626,0.32094131495808,0.224780801080104,0.156143588869419,0.109286032626093,-0.0347834653730565
0.803517100284299,0.322207496081197,0.225927922424548,0.157204090631011,0.110286737012311,-0.0339694495571505
0.80397031982523,0.323474943054664,0.227076928484265,0.158266914097401,0.111290059534893,-0.0331519121498594
0.804421479255341,0.324743640642484,0.228227800752619,0.159332038468889,0.112295977845353,-0.0323308801911466
0.804870592133554,0.326013573720525,0.229380520851611,0.16039944308608,0.113304469743358,-0.0315063805491915
0.805317671907809,0.327284727275932,0.230535070531264,0.161469107429268,0.114315513176106,-0.0306784399210343
0.805762731916064,0.328557086406528,0.231691431669011,0.162541011117804,0.115329086237692,-0.0298470848332348
0.80620578538729,0.329830636320206,0.232849586269066,0.16361513390946,0.116345167168452,-0.0290123416425345
0.806646845442463,0.331105362334329,0.234009516461806,0.164691455699788,0.117363734354327,-0.0281742365365441
0.807085925095538,0.332381249875134,0.235171204503129,0.165769956521475,0.118384766326193,-0.0273327955344254
0.807523037254419,0.333658284477098,0.236334632773829,0.166850616543676,0.119408241759196,-0.0264880444875901
0.807958194721924,0.334936451782347,0.237499783778936,0.16793341607137,0.12043413947208,-0.0256400090804076
0.808391410196734,0.336215737540031,0.238666640147088,0.169018335544679,0.121462438426514,-0.0247887148309287
0.808822696274337,0.337496127605707,0.23983518462987,0.170105355538205,0.122493117726396,-0.0239341870915988
0.809252065447969,0.338777607940723,0.241005400101169,0.171194456760353,0.123526156617165,-0.0230764510500006
0.809679530109536,0.340060164611597,0.242177269556508,0.172285620052648,0.124561534485111,-0.0222155317295938
0.810105102550537,0.341343783789386,0.24335077611239,0.173378826389048,0.125599230856669,-0.0213514539904613
0.810528794962974,0.342628451749078,0.244525903005644,0.174474056875267,0.12663922539771,-0.0204842425300686
0.810950619440255,0.343914154868953,0.245702633592745,0.175571292748065,0.127681497912839,-0.0196139218840177
0.81137058797809,0.345200879629963,0.246880951349154,0.176670515374566,0.128726028344676,-0.0187405164268255
