tau,m,deltaF
0,0.500603568756714,0.0393481238135915
0.2,0.503579319793362,0.0390320743412056
0.4,0.506542009215623,0.038713147666968
0.6,0.509507863938518,0.0383881892325533
0.8,0.512483853068019,0.0380567011622255
1,0.515472009399739,0.0377190131127818
1.2,0.518471654813461,0.0373757538975659
1.4,0.521480582929989,0.0370276892648957
1.6,0.524495703627884,0.0366756676422257
1.8,0.527513403224771,0.0363205981040482
2,0.530529752289081,0.0359634377105629
2.2,0.533540631173797,0.0356051812235367
2.4,0.536541810970006,0.0352468510725401
2.6,0.539529010270888,0.034889486981488
2.8,0.542497938765722,0.0345341351756809
3,0.545444333564222,0.0341818372746165
3.2,0.548363991339032,0.033833619051743
3.4,0.551252797824657,0.0334904792766022
3.6,0.554106755358756,0.0331533788688516
3.8,0.556922008687264,0.0328232305949003
4,0.559694869008694,0.0325008895284393
4.2,0.562421836111174,0.0321871444779456
4.4,0.565099618406524,0.0318827105583099
4.6,0.567725150658919,0.0315882230511235
4.8,0.570295609225095,0.031304232660917
5,0.572808424657849,0.0310312022338883
5.2,0.575261291568817,0.0307695049637682
5.4,0.577652175695452,0.0305194240678168
5.6,0.579979318167896,0.0302811538764431
5.8,0.582241237021413,0.0300548022443963
6,0.584436726047387,0.0298403941605547
6.2,0.586564851119125,0.029637876408823
6.4,0.588624944166459,0.029447123114281
6.6,0.590616595004847,0.0292679419976636
6.8,0.592539641249573,0.029100081156503
7,0.594394156563585,0.0289432361931052
7.2,0.596180437498572,0.0287970575169101
7.4,0.597898989193258,0.0286611576609295
7.6,0.599550510191115,0.0285351184679481
7.8,0.601135876632418,0.02841849802079
8,0.602656126063508,0.0283108372114769
8.2,0.60411244109009,0.0282116658649925
8.4,0.605506133082362,0.0281205083545144
8.6,0.606838626118477,0.0280368886649844
8.8,0.608111441330045,0.0279603348803446
9,0.609326181790079,0.027890383086614
9.2,0.610484518060358,0.0278265806972782
9.4,0.611588174492341,0.0277684892196066
9.6,0.612638916354054,0.0277156864902597
9.8,0.613638537834955,0.0276677684159568
10,0.614588850962135,0.0276243502601339
10.2,0.615491675444414,0.0275850675199598
10.4,0.616348829446088,0.0275495764395941
10.6,0.617162121279229,0.0275175542057104
10.8,0.617933341992668,0.0274886988702991
11,0.618664258826818,0.027462729043781
11.2,0.619356609496385,0.0274393833987372
11.4,0.62001209725756,0.0274184200214942
11.6,0.620632386712302,0.0273996156452572
11.8,0.621219100299661,0.0273827647948932
12,0.62177381542272,0.0273676788698898
12.2,0.622298062159153,0.0273541851884425
12.4,0.622793321503907,0.0273421260122522
12.6,0.623261024093493,0.0273313575684293
12.8,0.623702549363154,0.027321749082202
13,0.62411922509005,0.0273131818311048
13.2,0.624512327278263,0.0273055482294697
13.4,0.624883080343818,0.0272987509495988
13.6,0.625232657560862,0.0272927020844367
13.8,0.625562181732925,0.0272873223549976
14,0.625872726056028,0.027282540364403
14.2,0.626165315143309,0.0272782918995105
14.4,0.626440926183538,0.0272745192800823
14.6,0.626700490208566,0.0272711707548152
14.8,0.626944893447335,0.0272681999430211
15,0.627174978746394,0.0272655653202698
15.2,0.627391547039173,0.0272632297460453
15.4,0.627595358848353,0.0272611600312527
15.6,0.627787135807593,0.0272593265432917
15.8,0.627967562190641,0.0272577028462664
16,0.628137286437514,0.0272562653740096
16.2,0.6282969226689,0.0272549931335166
16.4,0.628447052181249,0.027253867436495
16.6,0.628588224916259,0.0272528716567939
16.8,0.628720960899504,0.0272519910115931
17,0.628845751643966,0.02725121236433
17.2,0.628963061515008,0.0272505240474543
17.4,0.629073329054135,0.0272499157031996
17.6,0.629176968259574,0.0272493781408041
17.8,0.629274369822171,0.0272489032085408
18,0.629365902315735,0.0272484836791682
18.2,0.629451913341319,0.0272481131475568
18.4,0.629532730625288,0.027247785939182
18.6,0.6296086630714,0.0272474970284804
18.8,0.629680001767337,0.0272472419660343
19,0.629747020946391,0.0272470168136967
19.2,0.629809978905133,0.0272468180867997
19.4,0.629869118878135,0.0272466427027618
19.6,0.629924669870835,0.0272464879353451
19.8,0.6299768474518,0.0272463513740255
20,0.630025854505692,0.0272462308878902
20.2,0.630071881948273,0.0272461245935804
20.4,0.630115109404878,0.0272460308268736
20.6,0.630155705853694,0.0272459481174157
20.8,0.630193830235343,0.0272458751663816
21,0.630229632030117,0.0272458108266314
21.2,0.630263251804302,0.0272457540851649
21.4,0.630294821726936,0.0272457040475327
21.6,0.630324466058406,0.0272456599240867
21.8,0.630352301612152,0.0272456210177852
22,0.630378438190799,0.0272455867133885
22.2,0.630402978997965,0.0272455564679321
22.4,0.630426021026943,0.0272455298022873
22.6,0.630447655427431,0.0272455062936752
22.8,0.63046796785145,0.0272454855690978
23,0.630487038779505,0.0272454672994891
23.2,0.630504943828048,0.0272454511945723
23.4,0.630521754039229,0.0272454369982948
23.6,0.6305375361539,0.0272454244848201
23.8,0.630552352868752,0.0272454134549724
24,0.630566263078477,0.0272454037330891
24.2,0.630579322103794,0.0272453951642802
24.4,0.630591581906066,0.0272453876119536
24.6,0.630603091289319,0.0272453809556634
24.8,0.630613896090356,0.0272453750892181
25,0.630624039357609,0.0272453699189918
25.2,0.630633561519411,0.0272453653624354
25.4,0.630642500542271,0.027245361346778
25.6,0.630650892079723,0.027245357807866
25.8,0.630658769612312,0.0272453546891429
26,0.630666164579208,0.0272453519407565
26.2,0.630673106501956,0.0272453495187592
26.4,0.6306796231008,0.0272453473844168
26.6,0.630685740404034,0.027245345503583
26.8,0.63069148285078,0.0272453438461719
27,0.630696873387575,0.0272453423856513
27.2,0.630701933559148,0.027245341098644
27.4,0.630706683593723,0.0272453399645518
27.6,0.630711142483155,0.0272453389652136
27.8,0.63071532805825,0.0272453380846214
28,0.630719257059496,0.0272453373086716
28.2,0.630722945203546,0.0272453366249332
28.4,0.630726407245648,0.0272453360224503
28.6,0.630729657038294,0.0272453354915732
28.8,0.630732707586318,0.0272453350237927
29,0.63073557109864,0.0272453346116104
29.2,0.63073825903687,0.0272453342484202
29.4,0.630740782160954,0.0272453339284018
29.6,0.630743150572047,0.0272453336464256
29.8,0.630745373752771,0.027245333397971
30,0.630747460605025,0.0272453331790523
30.2,0.630749419485492,0.0272453329861542
30.4,0.630751258238987,0.0272453328161926
30.6,0.630752984229754,0.0272453326664313
30.8,0.630754604370876,0.0272453325344755
31,0.630756125151878,0.0272453324182096
31.2,0.630757552664645,0.0272453323157698
31.4,0.630758892627761,0.0272453322255084
31.6,0.630760150409355,0.027245332145976
31.8,0.630761331048572,0.0272453320759005
32,0.630762439275702,0.0272453320141568
32.2,0.630763479531101,0.0272453319597561
32.4,0.630764455982945,0.0272453319118242
32.6,0.630765372543899,0.0272453318695902
32.8,0.630766232886775,0.0272453318323769
33,0.630767040459224,0.0272453317995967
33.2,0.630767798497524,0.0272453317707109
33.4,0.630768510039535,0.027245331745255
33.6,0.630769177936867,0.0272453317228296
33.8,0.63076980486628,0.0272453317030714
34,0.630770393340405,0.0272453316856651
34.2,0.630770945717801,0.0272453316703256
34.4,0.630771464212406,0.0272453316568142
34.6,0.630771950902391,0.0272453316449073
34.8,0.630772407738489,0.0272453316344159
35,0.630772836551807,0.0272453316251722
35.2,0.630773239061156,0.02724533161703
35.4,0.630773616879936,0.0272453316098515
35.6,0.630773971522605,0.0272453316035255
35.8,0.630774304410737,0.0272453315979553
36,0.630774616878723,0.0272453315930468
36.2,0.630774910179107,0.0272453315887198
36.4,0.630775185487623,0.0272453315849095
36.6,0.630775443907885,0.0272453315815528
36.8,0.630775686475821,0.0272453315785934
37,0.630775914163821,0.0272453315759877
37.2,0.63077612788463,0.0272453315736858
37.4,0.630776328495014,0.0272453315716594
37.6,0.630776516799188,0.0272453315698766
37.8,0.630776693552035,0.0272453315683068
38,0.630776859462136,0.027245331566923
38.2,0.630777015194612,0.0272453315657066
38.4,0.630777161373779,0.0272453315646306
38.6,0.630777298585669,0.0272453315636885
38.8,0.630777427380357,0.0272453315628556
39,0.63077754827418,0.0272453315621204
39.2,0.630777661751805,0.0272453315614711
39.4,0.630777768268166,0.0272453315609
39.6,0.63077786825029,0.0272453315603935
39.8,0.630777962099016,0.0272453315599479
40,0.630778050190592,0.0272453315595631
40.2,0.630778132878181,0.0272453315592209
40.4,0.630778210493286,0.0272453315589154
40.6,0.630778283347076,0.0272453315586492
40.8,0.63077835173163,0.0272453315584098
41,0.630778415921113,0.0272453315582013
41.2,0.630778476172867,0.0272453315580161
41.4,0.630778532728453,0.027245331557854
41.6,0.630778585814615,0.0272453315577135
41.8,0.630778635644179,0.0272453315575898
42,0.630778682416924,0.0272453315574823
42.2,0.630778726320368,0.0272453315573844
42.4,0.630778767530528,0.0272453315572958
42.6,0.630778806212625,0.0272453315572176
42.8,0.630778842521745,0.0272453315571497
43,0.630778876603456,0.0272453315570897
43.2,0.630778908594404,0.0272453315570396
43.4,0.630778938622842,0.027245331556994
43.6,0.630778966809163,0.0272453315569521
43.8,0.630778993266375,0.027245331556919
44,0.63077901810055,0.0272453315568917
44.2,0.630779041411252,0.027245331556865
44.4,0.630779063291938,0.0272453315568379
44.6,0.630779083830337,0.0272453315568202
44.8,0.63077910310879,0.027245331556802
45,0.630779121204591,0.0272453315567864
45.2,0.630779138190289,0.0272453315567729
45.4,0.630779154133984,0.0272453315567607
45.6,0.630779169099599,0.02724533155675
45.8,0.630779183147132,0.0272453315567358
46,0.630779196332909,0.0272453315567287
46.2,0.630779208709793,0.027245331556724
46.4,0.630779220327404,0.0272453315567154
46.6,0.63077923123232,0.0272453315567052
46.8,0.630779241468264,0.0272453315566994
47,0.630779251076274,0.0272453315566925
47.2,0.630779260094871,0.0272453315566865
47.4,0.630779268560217,0.0272453315566865
47.6,0.630779276506244,0.0272453315566803
47.8,0.630779283964815,0.0272453315566781
48,0.630779290965833,0.0272453315566754
48.2,0.630779297537367,0.0272453315566719
48.4,0.630779303705763,0.0272453315566701
48.6,0.630779309495754,0.0272453315566719
48.8,0.630779314930553,0.027245331556671
49,0.630779320031944,0.0272453315566648
49.2,0.63077932482039,0.0272453315566679
49.4,0.630779329315081,0.027245331556665
49.6,0.630779333534041,0.0272453315566625
49.8,0.630779337494185,0.0272453315566616
50,0.630779341211388,0.0272453315566576
50.2,0.630779344700555,0.0272453315566563
50.4,0.630779347975678,0.0272453315566572
50.6,0.630779351049884,0.0272453315566563
50.8,0.6307793539355,0.0272453315566579
51,0.630779356644095,0.0272453315566559
51.2,0.630779359186528,0.0272453315566559
51.4,0.630779361572993,0.027245331556655
51.6,0.630779363813059,0.0272453315566561
51.8,0.630779365915703,0.0272453315566519
52,0.630779367889358,0.0272453315566494
52.2,0.630779369741936,0.0272453315566439
52.4,0.630779371480868,0.0272453315566457
52.6,0.630779373113122,0.0272453315566439
52.8,0.630779374645244,0.0272453315566425
53,0.630779376083378,0.0272453315566459
53.2,0.630779377433285,0.0272453315566441
53.4,0.630779378700384,0.0272453315566465
53.6,0.630779379889751,0.0272453315566465
53.8,0.630779381006155,0.0272453315566483
54,0.630779382054071,0.0272453315566492
54.2,0.630779383037702,0.0272453315566483
54.4,0.63077938396099,0.0272453315566483
54.6,0.630779384827639,0.0272453315566465
54.8,0.630779385641122,0.0272453315566463
55,0.630779386404698,0.0272453315566397
55.2,0.630779387121433,0.0272453315566386
55.4,0.6307793877942,0.0272453315566394
55.6,0.630779388425695,0.0272453315566403
55.8,0.630779389018449,0.0272453315566374
56,0.630779389574842,0.0272453315566377
56.2,0.630779390097099,0.0272453315566323
56.4,0.630779390587321,0.0272453315566332
56.6,0.630779391047467,0.0272453315566314
56.8,0.630779391479385,0.0272453315566306
57,0.630779391884807,0.0272453315566288
57.2,0.630779392265358,0.0272453315566279
57.4,0.630779392622563,0.027245331556627
57.6,0.630779392957855,0.0272453315566275
57.8,0.630779393272577,0.0272453315566252
58,0.630779393567992,0.0272453315566248
58.2,0.630779393845288,0.0272453315566286
58.4,0.630779394105572,0.0272453315566303
58.6,0.630779394349887,0.0272453315566281
58.8,0.630779394579216,0.0272453315566301
59,0.630779394794476,0.0272453315566306
59.2,0.630779394996531,0.0272453315566323
59.4,0.630779395186191,0.0272453315566306
59.6,0.630779395364213,0.0272453315566266
59.8,0.630779395531316,0.0272453315566283
60,0.630779395688167,0.0272453315566241
60.2,0.630779395835394,0.027245331556623
60.4,0.630779395973591,0.0272453315566208
60.6,0.63077939610331,0.027245331556619
60.8,0.63077939622507,0.0272453315566177
61,0.630779396339361,0.0272453315566172
61.2,0.63077939644664,0.0272453315566152
61.4,0.630779396547339,0.0272453315566159
61.6,0.630779396641859,0.0272453315566139
61.8,0.630779396730581,0.0272453315566137
62,0.63077939681386,0.0272453315566137
62.2,0.630779396892032,0.027245331556615
62.4,0.630779396965405,0.0272453315566112
62.6,0.630779397034279,0.0272453315566119
62.8,0.630779397098926,0.0272453315566099
63,0.63077939715961,0.0272453315566115
63.2,0.630779397216571,0.0272453315566141
63.4,0.630779397270036,0.0272453315566137
63.6,0.630779397320221,0.027245331556611
63.8,0.630779397367329,0.027245331556611
64,0.630779397411546,0.027245331556611
64.2,0.630779397453053,0.0272453315566139
64.4,0.630779397492011,0.0272453315566132
64.6,0.630779397528581,0.0272453315566141
64.8,0.630779397562907,0.0272453315566163
65,0.63077939759513,0.0272453315566226
65.2,0.630779397625372,0.0272453315566181
65.4,0.630779397653761,0.0272453315566195
65.6,0.630779397680407,0.027245331556619
65.8,0.630779397705419,0.0272453315566168
66,0.630779397728896,0.0272453315566148
66.2,0.630779397750931,0.0272453315566119
66.4,0.630779397771615,0.0272453315566088
66.6,0.630779397791029,0.0272453315566052
66.8,0.63077939780925,0.0272453315566015
67,0.630779397826357,0.0272453315566037
67.2,0.630779397842415,0.0272453315566055
67.4,0.630779397857486,0.0272453315566041
67.6,0.630779397871633,0.0272453315566044
67.8,0.630779397884912,0.0272453315566044
68,0.630779397897379,0.0272453315566092
68.2,0.63077939790908,0.0272453315566086
68.4,0.630779397920065,0.0272453315566124
68.6,0.630779397930376,0.0272453315566155
68.8,0.630779397940052,0.0272453315566128
69,0.630779397949136,0.0272453315566146
69.2,0.630779397957661,0.0272453315566135
69.4,0.630779397965664,0.0272453315566128
69.6,0.630779397973176,0.027245331556611
69.8,0.630779397980228,0.0272453315566128
70,0.630779397986846,0.0272453315566126
70.2,0.630779397993058,0.027245331556611
70.4,0.630779397998891,0.0272453315566148
70.6,0.630779398004364,0.0272453315566143
70.8,0.630779398009502,0.0272453315566159
71,0.630779398014328,0.0272453315566212
71.2,0.630779398018856,0.0272453315566212
71.4,0.630779398023107,0.0272453315566208
71.6,0.630779398027093,0.0272453315566168
71.8,0.630779398030839,0.0272453315566183
72,0.630779398034352,0.0272453315566159
72.2,0.630779398037652,0.0272453315566188
72.4,0.630779398040748,0.0272453315566172
72.6,0.630779398043656,0.0272453315566186
72.8,0.630779398046383,0.0272453315566168
73,0.630779398048944,0.0272453315566159
73.2,0.630779398051348,0.0272453315566146
73.4,0.630779398053607,0.0272453315566203
73.6,0.630779398055726,0.0272453315566212
73.8,0.630779398057716,0.0272453315566243
74,0.630779398059583,0.0272453315566261
74.2,0.630779398061338,0.0272453315566275
74.4,0.63077939806298,0.0272453315566241
74.6,0.630779398064524,0.0272453315566243
74.8,0.630779398065972,0.0272453315566243
75,0.630779398067332,0.0272453315566226
75.2,0.630779398068609,0.0272453315566246
75.4,0.630779398069811,0.0272453315566297
75.6,0.630779398070934,0.0272453315566281
75.8,0.63077939807199,0.0272453315566257
76,0.630779398072983,0.0272453315566277
76.2,0.630779398073913,0.0272453315566288
76.4,0.630779398074787,0.0272453315566266
76.6,0.630779398075607,0.027245331556625
76.8,0.630779398076375,0.0272453315566221
77,0.630779398077098,0.0272453315566248
77.2,0.630779398077774,0.0272453315566203
77.4,0.630779398078409,0.027245331556619
77.6,0.630779398079006,0.0272453315566208
77.8,0.630779398079566,0.0272453315566223
78,0.630779398080093,0.027245331556623
78.2,0.630779398080588,0.0272453315566257
78.4,0.63077939808105,0.0272453315566237
78.6,0.630779398081486,0.0272453315566239
78.8,0.630779398081894,0.0272453315566232
79,0.630779398082275,0.0272453315566212
79.2,0.630779398082636,0.0272453315566235
79.4,0.630779398082975,0.0272453315566259
79.6,0.630779398083291,0.0272453315566239
79.8,0.630779398083589,0.0272453315566235
80,0.630779398083869,0.0272453315566261
