t,initial,tau2,tau10,final
-0.99375,0.194322288565636,0.156655715361334,0.065815697066879,0.0526451864290279
-0.98125,0.19874409888086,0.160410032263552,0.0678752731416302,0.0544079495050517
-0.96875,0.203266527640876,0.16425673398844,0.0700000702377692,0.056229736660445
-0.95625,0.207891864421833,0.1681981204476,0.072192163656016,0.0581125242481236
-0.94375,0.212622450899262,0.172236549174791,0.0744536948973425,0.0600583547968913
-0.93125,0.217460682033603,0.176374436775368,0.0767868737778899,0.0620693392272622
-0.91875,0.222409007282701,0.180614260412287,0.0791939806115212,0.0641476591414786
-0.90625,0.2274699318419,0.184958559329588,0.0816773684621704,0.0662955691902061
-0.89375,0.232646017912346,0.18940993641431,0.0842394654682248,0.0685153995184759
-0.88125,0.237939885998164,0.19397105979781,0.086882777241243,0.070809558293526
-0.86875,0.243354216233137,0.198644664497472,0.0896098893413899,0.0731805343172844
-0.85625,0.248891749737584,0.203433554099845,0.0924234698320428,0.0756308997263282
-0.84375,0.254555290006111,0.20834060248624,0.0953262719161023,0.0781633127822479
-0.83125,0.26034770432694,0.213368755601864,0.0983211366566242,0.0807805207554438
-0.81875,0.266271925233535,0.218521033269601,0.101410995784469,0.0834853629054826
-0.80625,0.272330951989257,0.223800531049556,0.104598874595758,0.086280773561248
-0.79375,0.278527852105809,0.229210422145525,0.107887894942003,0.0891697853042272
-0.78125,0.284865762896226,0.234753959359573,0.111281278315886,0.092155532258385
-0.76875,0.291347893063211,0.240434477095952,0.114782349035742,0.0952412534901961
-0.75625,0.297977524323603,0.246255393415578,0.118394537531908,0.0984302965225234
-0.74375,0.304758013069824,0.252220212142372,0.122121383738198,0.101726120966155
-0.73125,0.311692792069116,0.258332525022765,0.125966540591869,0.105132302272938
-0.71875,0.318785372201461,0.264596013939708,0.12993377764555,0.108652535614581
-0.70625,0.32603934423703,0.271014453182576,0.134026984794724,0.11229063989134
-0.69375,0.333458380654098,0.277591711774366,0.138250176124445,0.116050561874916
-0.68125,0.341046237498303,0.284331755857649,0.142607493879132,0.119936380490094
-0.66875,0.348806756284232,0.29123865114076,0.147103212559359,0.123952311239725
-0.65625,0.356743865940269,0.29831656540574,0.151741743149713,0.128102710777893
-0.64375,0.364861584797697,0.305569771079606,0.15652763748192,0.132392081636192
-0.63125,0.373164022625062,0.313002647870541,0.161465592737565,0.136825077108275
-0.61875,0.381655382708838,0.320619685470648,0.166560456094872,0.14140650629794
-0.60625,0.390339963981422,0.328425486326953,0.17181722952417,0.146141339336252
-0.59375,0.399222163197568,0.336424768482381,0.177241074736778,0.151034712773359
-0.58125,0.408306477160332,0.344622368488483,0.182837318292256,0.15609193515084
-0.56875,0.41759750499768,0.353023244391713,0.188611456869057,0.161318492760638
-0.55625,0.42709995049089,0.361632478795133,0.194569162703843,0.166720055596825
-0.54375,0.436818624455943,0.370455281997442,0.200716289204832,0.172302483506656
-0.53125,0.446758447179104,0.379496995211292,0.207058876744787,0.178071832547583
-0.51875,0.45692445090792,0.388763093862895,0.213603158639356,0.184034361557125
-0.50625,0.4673217823989,0.398259190974971,0.220355567316736,0.190196538942724
-0.49375,0.477955705523177,0.407991040635164,0.227322740684755,0.196565049698953
-0.48125,0.488831603931449,0.417964541552061,0.23451152870172,0.203146802659681
-0.46875,0.49995498377957,0.428185740701059,0.241929000157534,0.209948937993076
-0.45625,0.511331476516159,0.438660837062333,0.249582449671825,0.216978834947566
-0.44375,0.522966841733641,0.449396185453245,0.257479404916037,0.224244119857161
-0.43125,0.534866970084162,0.460398300457579,0.265627634066646,0.231752674414833
-0.41875,0.547037886261861,0.47167386045406,0.27403515349691,0.239512644222909
-0.40625,0.559485752052996,0.48322971174666,0.282710235714789,0.247532447629775
-0.39375,0.572216869455482,0.495072872799272,0.29166141755491,0.255820784862459
-0.38125,0.585237683869414,0.507210538577394,0.300897508632725,0.264386647465011
-0.36875,0.598554787360184,0.519650084999527,0.310427600069248,0.273239328052916
-0.35625,0.612174921995858,0.532399073501072,0.320261073495034,0.282388430394126
-0.34375,0.62610498326049,0.545465255713561,0.330407610342356,0.291843879827631
-0.33125,0.640352023545113,0.558856578262155,0.340877201434794,0.301615934030903
-0.31875,0.654923255718154,0.572581187684388,0.35168015688376,0.311715194147859
-0.30625,0.66982605677711,0.586647435473241,0.362827116301808,0.322152616289436
-0.29375,0.68506797158331,0.601063883247685,0.374329059342842,0.332939523419255
-0.28125,0.700656716681656,0.615839308053911,0.386197316579728,0.344087617637255
-0.26875,0.716600184207295,0.630982707800582,0.398443580730072,0.355608992874635
-0.25625,0.73290644588118,0.646503306831464,0.411079918241362,0.367516148013867
-0.24375,0.749583757096549,0.662410561638948,0.424118781246941,0.379822000448023
-0.23125,0.766640561098395,0.678714166722003,0.437573019904711,0.392539900094118
-0.21875,0.784085493258039,0.695424060592235,0.45145589513082,0.405683643875669
-0.20625,0.801927385444972,0.712550431931793,0.465781091740978,0.419267490690197
-0.19375,0.820175270498177,0.730103725906964,0.480562732012467,0.433306176877881
-0.18125,0.838838386799197,0.748094650641412,0.495815389680299,0.447814932208185
-0.16875,0.857926182949261,0.766534183853084,0.511554104381457,0.462809496401753
-0.15625,0.877448322552844,0.785433579658947,0.527794396561537,0.478306136205545
-0.14375,0.89741468911007,0.804804375551791,0.544552282858626,0.494321663039693
-0.13125,0.917835391020445,0.824658399553457,0.561844291979693,0.510873451235258
-0.11875,0.938720766700453,0.845007777548974,0.579687481085263,0.527979456882646
-0.10625,0.960081389817597,0.865864940806156,0.598099452698657,0.54565823731115
-0.09375,0.981928074643545,0.887242633685386,0.617098372156609,0.563928971220732
-0.0812499999999999,1.00427188152909,0.909153921544387,0.636702985618582,0.582811479487905
-0.06875,1.02712412250367,0.931612198842916,0.656932638652699,0.602326246668268
-0.0562499999999999,1.05049636700237,0.954631197452456,0.677807295416737,0.622494443219032
-0.04375,1.07440044772314,0.978224995176091,0.699347558453271,0.64333794846564
-0.03125,1.09884846661737,1.00240802448388,0.721574689118607,0.664879374337402
-0.0187499999999999,1.1238528010168,1.02719508146922,0.744510628665841,0.687142089897881
-0.00624999999999998,1.14942610989975,1.05260133503173,0.768178020002964,0.710150246696662
0.00625000000000009,1.17558134030002,1.07864233629247,0.792600230147667,0.733928804969985
0.01875,1.20233173386163,1.10533402824735,0.817801373401136,0.758503560718686
0.03125,1.22969083354265,1.13269275566473,0.843806335263891,0.783901173692801
0.04375,1.25767249047162,1.16073527523341,0.870640797117418,0.81014919631321
0.0562500000000001,1.28629087095999,1.18947876596746,0.89833126169615,0.837276103561685
0.0687500000000001,1.3155604636741,1.21894083987418,0.92690507937509,0.865311323871775
0.08125,1.34549608697039,1.24913955289207,0.956390475299225,0.894285271054032
0.09375,1.37611289639753,1.28009341610551,0.986816577381681,0.924229377290217
0.10625,1.40742639236919,1.31182140724325,1.01821344519847,0.955176127232283
0.11875,1.4394524280115,1.34434298246783,1.05061209980851,0.98715909324312
0.13125,1.47220721718899,1.37767808846332,1.08404455452865,1.02021297181729
0.14375,1.50570734271327,1.41184717482904,1.11854384669414,1.05437362122129
0.15625,1.53996976473837,1.44687120678676,1.1541440704363,1.08967810039411
0.16875,1.57501182934721,1.48277167820967,1.19088041050986,1.12616470915039
0.18125,1.61085127733341,1.51957062498096,1.22878917720355,1.16387302972968
0.19375,1.64750625318297,1.55729063869051,1.26790784236885,1.20284396973699
0.20625,1.68499531426029,1.5959548806783,1.30827507660249,1.24311980652105
0.21875,1.72333744020321,1.63558709643321,1.34993078761977,1.28474423303868
0.23125,1.76255204253191,1.67621163035627,1.39291615985696,1.32776240525469
0.24375,1.80265897447633,1.71785344089764,1.43727369534185,1.3722209911291
0.25625,1.84367854102739,1.76053811607667,1.4830472558735,1.41816822124447
0.26875,1.88563150921672,1.80429188939491,1.53028210655269,1.46565394112856
0.28125,1.9285391186305,1.84914165615188,1.57902496070675,1.51472966532888
0.29375,1.97242309216241,1.89511499017392,1.62932402625316,1.56544863329786
0.30625,2.01730564701131,1.94224016096648,1.68122905354813,1.61786586714935
0.31875,2.06320950592918,1.99054615130072,1.73479138476774,1.67203823134891
0.33125,2.11015790872501,2.04006267524524,1.79006400487078,1.72802449440285
0.34375,2.15817462403042,2.09082019665449,1.84710159419381,1.78588539261285
0.35625,2.20728396133308,2.1428499481251,1.90596058273096,1.84568369596525
0.36875,2.25751078328384,2.19618395043228,1.96669920615231,1.9074842762267
0.38125,2.30888051828407,2.25085503245836,2.02937756361652,1.97135417731978
0.39375,2.36141917335925,2.30689685162583,2.09405767743536,2.03736268805513
0.40625,2.41515334732562,2.36434391484785,2.16080355464936,2.10558141729898
0.41875,2.47011024425639,2.42323160000925,2.22968125057579,2.17608437165745
0.43125,2.52631768725439,2.4835961779915,2.30075893439232,2.24894803576214
0.44375,2.58380413253811,2.54547483525537,2.37410695682141,2.32425145524393
0.45625,2.64259868384825,2.60890569699552,2.44979791998286,2.40207632248506
0.46875,2.70273110718213,2.67392785088146,2.52790674948398,2.48250706524256
0.48125,2.76423184586338,2.74058137139978,2.60851076881902,2.56563093823908
0.49375,2.82713203595445,2.80890734481282,2.69168977615192,2.65153811782057
0.50625,2.89146352201999,2.87894789474948,2.77752612355877,2.74032179978348
0.51875,2.9572588732488,2.95074620844423,2.8661047988087,2.83207830047749
0.53125,3.02455139994269,3.02434656364063,2.95751350976465,2.92690716129368
0.54375,3.09337517038051,3.09979435617629,3.05184277148794,3.02491125665131
0.55625,3.16376502806597,3.17713612826659,3.14918599613321,3.12619690560034
0.56875,3.23575660936789,3.2564195975048,3.24963958572333,3.23087398716098
0.58125,3.30938636156188,3.33769368659674,3.35330302789631,3.33905605952512
0.59375,3.38469156128258,3.42100855384874,3.46027899471972,3.45086048324915
0.60625,3.46171033339567,3.50641562442785,3.57067344467075,3.56640854857171
0.61875,3.54048167029951,3.59396762241401,3.6845957278834,3.68582560699457
0.63125,3.62104545166577,3.68371860366416,3.80215869476751,3.80924120726931
0.64375,3.70344246462943,3.77572398950895,3.92347880810768,3.93678923593738
0.65625,3.78771442443814,3.87004060130312,4.04867625875369,4.06860806257593
0.66875,3.87390399557139,3.96672669585122,4.17787508501724,4.20484068990714
0.68125,3.9620548133404,4.06584200173089,4.31120329589425,4.34563490893361
0.69375,4.05221150597937,4.16744775653642,4.44879299823479,4.49114345926849
0.70625,4.14441971723949,4.27160674506594,4.59078052798763,4.6415241948339
0.71875,4.23872612949708,4.37838333847619,4.73730658564968,4.79694025510765
0.73125,4.33517848738751,4.48784353442945,4.8885163760552,4.957560242104
0.74375,4.43382562197699,4.60005499825763,5.04455975264387,5.12355840328028
0.75625,4.53471747548427,4.71508710516958,5.20559136635126,5.29511482056808
0.76875,4.63790512656502,4.83301098352782,5.37177081926979,5.47241560573384
0.78125,4.74344081617147,4.95389955922201,5.54326282323317,5.65565310228088
0.79375,4.85137797400048,5.07782760116679,5.720237363482,5.84502609411187
0.80625,4.9617712455435,5.20487176795279,5.90286986757354,6.04074002117818
0.81875,5.07467651975201,5.33511065567973,6.0913413797035,6.24300720234996
0.83125,5.19015095733248,5.46862484700184,6.28583874061358,6.4520470657487
0.84375,5.30825301968521,5.60549696141624,6.48655477326352,6.66808638679236
0.85625,5.42904249850167,5.74581170682588,6.69368847445267,6.89135953421104
0.86875,5.5525805460353,5.88965593240927,6.90744521258157,7.12210872430022
0.88125,5.67892970606117,6.03711868283027,7.12803693175042,7.36058428368743
0.89375,5.80815394554008,6.18829125382183,7.35568236239756,7.60704492089731
0.90625,5.94031868700321,6.34326724917865,7.59060723868757,7.86175800700973
0.91875,6.07549084167366,6.5021426391944,7.83304452286533,8.1249998657154
0.93125,6.21373884334173,6.66501582058014,8.08323463679925,8.39705607308366
0.94375,6.35513268301091,6.83198767790172,8.34142570094423,8.67822176736773
0.95625,6.49974394433241,7.00316164657432,8.60787378096206,8.96880196918328
0.96875,6.64764583984585,7.17864377745414,8.88284314224478,9.26911191240792
0.98125,6.79891324804468,7.35854280306721,9.16660651259428,9.57947738616043
0.99375,6.95362275128504,7.54297020551735,9.45944535331952,9.90023508823081
