r,rho_minus_3,fixed_gap,q,guaranteed_rate,onset_asymptotic
0,0,2,0,0,0
0.04,0.000319985372401188,2.0002399968457,0.000213291080643108,0.000426633350472787,0.000426647163201584
0.08,0.00127976600950142,2.00095994953067,0.00085265765614539,0.00170613382060762,0.00170635467933522
0.12,0.0028788158435411,2.00215974449425,0.00191658246692086,0.00383730426227243,0.00383842112472147
0.16,0.00511625934135651,2.00383919245454,0.00340254585308923,0.00681815473454386,0.00682167912180868
0.2,0.00799087336564819,2.00599802838736,0.00530703932224933,0.0106459104170063,0.0106544978208643
0.24,0.0115010897715542,2.00863591149699,0.0076255843630183,0.0153170225977084,0.0153347863620722
0.28,0.0156449987255658,2.01175242517902,0.0103527563262337,0.0208271826465881,0.0208599983007544
0.32,0.0204203527326596,2.01534707697559,0.013482213149384,0.0271713388617729,0.0272271369768795
0.36,0.0258245713554253,2.01941929852339,0.0170067286567668,0.0343437160542257,0.0344327618072337
0.4,0.0318547466041847,2.02396844549498,0.0209182301286964,0.0423378377160838,0.0424729954722463
0.44,0.0385076489763931,2.0289937975338,0.0252078397982421,0.0511465505998588,0.0513435319685242
0.48,0.045779734119872,2.03449455818372,0.029865919903945,0.0607620515197268,0.0610396454931627
0.52,0.0536671500923029,2.04046985481356,0.0348821209020245,0.0711759161725431,0.0715562001230706
0.56,0.0621657451874973,2.04691873853754,0.0402454324219661,0.0823791297650689,0.0828876602499964
0.6,0.0712710762967865,2.05384018413234,0.0459442365352165,0.0943621192253088,0.0950281017290487
0.64,0.0809784177720831,2.0612330899518,0.0519663628980087,0.107114786769819,0.107971223696111
0.68,0.0912827707556807,2.06909627784018,0.0582991453260281,0.120626544595348,0.121710361007574
0.72,0.102178872940436,2.07742849304503,0.0649294793605459,0.134886350462177,0.136238497253915
0.76,0.113661208723081,2.08622840413083,0.0718438803925326,0.149882743937879,0.151548278297441
0.8,0.125724019712134,2.09549460289455,0.0790285419228323,0.16560388307392,0.167632026282845
0.84,0.138361315551699,2.10522560428454,0.0864693935522841,0.182037581293225,0.184481754068932
0.88,0.151566885021608,2.115419846324,0.094152158315368,0.199171344274569,0.20208918002881
0.92,0.165334307374379,2.12607569004037,0.102062408993971,0.216992406629041,0.220445743165839
0.96,0.179656963869461,2.13719141940251,0.110185623073775,0.235487768174791,0.239542618492614
1,0.194528049465323,2.14876524126678,0.118507236034006,0.254644229628471,0.259370732620431
1.04,0.209940584630582,2.16079528533406,0.127012692691366,0.274448427545086,0.279920779507443
1.08,0.225887427235749,2.17327960411926,0.135687496350312,0.294886868352138,0.301183236314332
1.12,0.242361284488231,2.18621617293515,0.144517255544051,0.315945961338605,0.323148379317641
1.16,0.259354724873943,2.19960288989244,0.153487728183093,0.337612050474556,0.345806299831924
1.2,0.276860190070234,2.21343757591795,0.162584862960587,0.359871444952432,0.369146920093645
1.24,0.294870006795967,2.22771797479304,0.171794837895497,0.382710448356455,0.393160009061289
1.28,0.313376398566067,2.24244175321425,0.181104095925611,0.406115386381709,0.417835198088089
1.32,0.332371497319354,2.2576065008783,0.190499377492064,0.430072633039352,0.443161996425805
1.36,0.351847354890098,2.27320973059378,0.199967750085243,0.45456863529872,0.469129806520131
1.4,0.371795954295454,2.28924887842161,0.209496634748402,0.47958993613088,0.495727939060605
1.44,0.392209220812684,2.30572130384673,0.219073829559786,0.505123195931287,0.522945627750245
1.48,0.413079032821985,2.32262428998326,0.228687530136549,0.531155212311427,0.550772043762647
1.52,0.434397232392501,2.33995504381571,0.238326347223974,0.557672938260913,0.579196309856668
1.56,0.456155635591136,2.35771069647841,0.247979321451607,0.584663498691913,0.608207514121515
1.6,0.478346042495596,2.37588830357591,0.257635935353649,0.612114205387576,0.637794723327461
1.64,0.500960246895076,2.39448484554668,0.267286122764606,0.640012570384777,0.667946995860101
1.68,0.523990045663911,2.41349722807267,0.276920275712511,0.668346317829265,0.698653394218548
1.72,0.547427247795379,2.4329222825373,0.286529248941392,0.697103394348188,0.729902997060506
1.76,0.571263683084708,2.45275676653434,0.296104362201835,0.726271977990884,0.76168491077961
1.8,0.5954912104522,2.47299736443023,0.305637400453933,0.755840485793882,0.793988280602933
1.84,0.620101725899094,2.49364068798239,0.315120612130412,0.785797580030312,0.826802301198792
1.88,0.645087170090531,2.51468327701596,0.324546705609682,0.816132173207288,0.860116226787374
1.92,0.670439535561624,2.53612160016138,0.333908844048976,0.846833431877526,0.893919380748832
1.96,0.696150873544222,2.55795205565531,0.343200638726788,0.877890779333405,0.928201164725629
2,0.722213300413416,2.58017097220707,0.35241614104168,0.909293897252977,0.962951067217888
2.04,0.748619003754324,2.60277460993306,0.361549833311291,0.941032726368159,0.998158671672432
2.08,0.775360248050925,2.62575916136112,0.370596618511294,0.973097466225481,1.0338136640679
2.12,0.802429380000089,2.64912075250709,0.379551809089055,1.00547857410942,1.06990584000012
2.16,0.829818833454974,2.6728554440254,0.388411114981268,1.03816676319766,1.1064251112733
2.2,0.857521134003154,2.69695923243563,0.397170630958684,1.07115300001631,1.1433615120042
2.24,0.885528903185738,2.72142805142655,0.405826823414592,1.1044285012618,1.18070520424765
2.28,0.913834862364707,2.74625777323946,0.414376516706911,1.13798473005425,1.21844648315294
2.32,0.94243183624642,2.77144421013186,0.422816879156754,1.17181339168501,1.25657578166189
2.36,0.971312756070065,2.79698311592288,0.431145408799218,1.20590642891908,1.29508367476009
2.4,1.00047066247037,2.82287018762129,0.439359918975041,1.24025601691035,1.33396088329382
2.44,1.02989870802449,2.84910106713685,0.447458523844631,1.27485455778522,1.37319827736598
2.48,1.05959015949353,2.87567134307561,0.455439623899015,1.30969467494753,1.41278687932471
2.52,1.08953839976939,2.90257655261925,0.463301891535398,1.34476920715479,1.45271786635918
2.56,1.11973692953809,2.92981218348858,0.47104425675838,1.38007120241302,1.49298257271746
2.6,1.15017936867107,2.95737367599095,0.478665893061471,1.41559391173469,1.53357249156142
2.64,1.18085945735577,2.98525642515092,0.486166203537403,1.45133078280126,1.57447927647437
2.68,1.21177105697756,3.0134557829233,0.493544807259901,1.48727545356912,1.61569474263674
2.72,1.24290815076438,3.04196706048752,0.500801525973998,1.52342174585479,1.65721086768584
2.76,1.27426484420631,3.07078553062167,0.507936371126783,1.5597636589326,1.69901979227508
2.8,1.30583536526147,3.09990643015452,0.514949531265553,1.59629536317514,1.74111382034863
2.84,1.3376140643602,3.12932496249327,0.521841359825783,1.63301119376425,1.78348541914694
2.88,1.36959541421898,3.15903630022453,0.528612363327072,1.6699056444977,1.82612721895863
2.92,1.40177400947546,3.18903558778579,0.535263189991319,1.70697336171406,1.86903201263395
2.96,1.43414456615603,3.219317944204,0.541794618793782,1.74420913835599,1.91219275487471
3,1.46670192098667,3.24987846589791,0.548207548954398,1.78160790818957,1.95560256131556
3.04,1.49944103055802,3.28071222954019,0.554502989873743,1.81916474019539,1.9992547074107
3.08,1.53235697035515,3.3118142949752,0.560682051515327,1.85687483314448,2.0431426271402
3.12,1.5654449336621,3.34317970818763,0.566745935233497,1.89473351037045,2.08725991154947
3.16,1.59870023035121,3.37480350431766,0.572695925044064,1.93273621474715,2.13160030713495
3.2,1.63211828556675,3.40668071071685,0.578533379332853,1.97087850387907,2.17615771408899
3.24,1.66569463831198,3.43880635003976,0.584259722995723,2.00915604551016,2.22092618441597
3.28,1.69942493994873,3.4711754433654,0.589876440002101,2.0475646131551,2.26589991993164
3.32,1.73330495261778,3.50378301334241,0.595385066372867,2.086100081955,2.31107327015704
3.36,1.76733054758832,3.53662408735212,0.600787183562322,2.12475842475894,2.35644073011776
3.4,1.80149770354437,3.56969370068251,0.606084412233094,2.16353570843034,2.40199693805916
3.44,1.83580250481541,3.60298689970697,0.611278406412103,2.20242809037656,2.44773667308722
3.48,1.87024113955846,3.63649874506067,0.616370848015098,2.24143181529888,2.49365485274462
3.52,1.90480989789826,3.67022431480808,0.62136344172686,2.28054321215876,2.53974653053102
3.56,1.9395051700319,3.70415870759397,0.626257910223797,2.31975869135508,2.58600689337587
3.6,1.974323444304,3.73829704577165,0.631055989725418,2.35907474210704,2.632431259072
3.64,2.00926130525797,3.77263447850064,0.635759425861121,2.39848793003544,2.67901507367729
3.68,2.04431543166886,3.80716618480713,0.640369969838569,2.43799489493536,2.72575390889181
3.72,2.07948259456261,3.84188737659979,0.644889374900082,2.47759234873195,2.77264345941681
3.76,2.11475965522659,3.87679330163448,0.649319393053483,2.51727707361111,2.81967954030212
3.8,2.15014356321559,3.91187924642042,0.65366177206405,2.55704592031576,2.86685808428746
3.84,2.18563135435757,3.94714053906147,0.657918252694434,2.59689580659869,2.91417513914343
3.88,2.22122014876267,3.98257255202571,0.662090566179627,2.63682371582214,2.96162686501689
3.92,2.25690714883929,4.01817070483743,0.666180431924404,2.67682669569458,3.00920953178572
3.96,2.29268963732022,4.05393046668477,0.670189555410959,2.71690185713441,3.05691951642696
4,2.32856497530191,4.08984735893801,0.674119626304817,2.75704637325103,3.10475330040255
4.04,2.36453060029962,4.12591695757216,0.677972316747478,2.7972574784329,3.15270746706616
4.08,2.40058402432083,4.16213489548957,0.681749279824626,2.83753246753296,3.20077869909444
4.12,2.43672283195934,4.19849686473703,0.685452148199171,2.87786869514149,3.24896377594579
4.16,2.47294467851194,4.23499861861342,0.68908253289873,2.91826357493676,3.29725957134926
4.2,2.5092472881196,4.2716359736637,0.692642022247673,2.95871457910433,3.34566305082613
4.24,2.54562845193476,4.30840481155582,0.69613218093417,2.99921923781563,3.39417126924635
4.28,2.58208602631633,4.34530108083722,0.699554549203153,3.03977513875705,3.44278136842178
4.32,2.61861793105344,4.38232079856849,0.702910642166519,3.08037992670147,3.49149057473792
4.36,2.65522214761934,4.41946005183168,0.706201949222275,3.12103130311351,3.54029619682578
4.4,2.69189671745626,4.45671499911205,0.709429933574773,3.16172702578176,3.58919562327501
4.44,2.72863974029215,4.49408187155119,0.712596031848521,3.20246490846975,3.63818632038954
4.48,2.76544937248996,4.53155697407146,0.715701653788516,3.24324282057982,3.68726582998661
4.52,2.80232382543001,4.56913668637103,0.718748182040359,3.28405868682309,3.73643176724001
4.56,2.83926136392603,4.60681746378979,0.721736972003807,3.3249104868899,3.78568181856804
4.6,2.87626030467508,4.64459583804662,0.724669351753755,3.36579625511543,3.83501373956677
4.64,2.91331901474166,4.682468417849,0.727546622023012,3.40671408013548,3.88442535298887
4.68,2.95043591007621,4.7204318893767,0.730370056241551,3.44766210452847,3.93391454676828
4.72,2.98760945406802,4.75848301664112,0.733140900627198,3.4886385244395,3.98347927209069
4.76,3.02483815613248,4.79661864172246,0.735860374323086,3.52964158918298,4.03311754150997
4.8,3.06212057033276,4.83483568488781,0.738529669577481,3.57066960082161,4.08282742711035
4.84,3.09945529403562,4.87313114459233,0.741149951961809,3.6117209137182,4.13260705871416
4.88,3.13684096660118,4.91150209736791,0.743722360623079,3.65279393405967,4.1824546221349
4.92,3.17427626810641,4.94994569760162,0.746248008567043,3.69388711935021,4.23236835747522
4.96,3.21175991810205,4.98845917720876,0.748727982968798,3.7349989778737,4.2823465574694
5,3.24929067440246,5.02703984520424,0.751163345507637,3.77612806812381,4.33238756586995
5.04,3.28686733190823,5.06568508717643,0.753555132723288,3.81727299820161,4.38248977587764
5.08,3.32448872146088,5.10439236466854,0.755904356390801,3.85843242518089,4.43265162861451
5.12,3.36215370872935,5.14315921447108,0.758212003911623,3.89960505444065,4.48287161163913
5.16,3.39986119312767,5.18198324783162,0.76047903871848,3.94078963896626,4.53314825750357
5.2,3.4376101067634,5.2208621495856,0.762706400691995,3.9819849786195,4.5834801423512
5.24,3.47539941341614,5.25979367721324,0.764895006586999,4.02318991937828,4.63386588455485
5.28,3.51322810754572,5.29877565982853,0.767045750466759,4.06440335254817,4.68430414339429
5.32,3.55109521332941,5.33780599710384,0.769159504143409,4.1056242139461,4.73479361777255
5.36,3.58899978372752,5.3768826581363,0.771237117623095,4.14685148305865,4.78533304497003
5.4,3.62694089957687,5.4160036802606,0.773279419554374,4.18808418217627,4.83592119943582
5.44,3.66491766871145,5.45516716781307,0.775287217678615,4.22932137550553,4.88655689161526
5.48,3.70292922510975,5.49437129085179,0.777261299281215,4.27056216826087,4.937238966813
5.52,3.74097472806808,5.53361428383793,0.779202431642569,4.31180570573857,4.98796630409077
5.56,3.77905336139917,5.57289444428293,0.781111362487813,4.35305117237461,5.0387378151989
5.6,3.81716433265569,5.61221013136538,0.782988820434488,4.39429779078826,5.08955244354092
5.64,3.85530687237776,5.65155976452352,0.784835515437309,4.43554482081457,5.14040916317035
5.68,3.89348023336407,5.69094182202598,0.786652139229345,4.47679155852649,5.19130697781876
5.72,3.93168368996588,5.73035483952632,0.788439365758982,4.51803733525004,5.24224491995451
5.76,3.96991653740335,5.76979740860424,0.790197851622077,4.5592815165737,5.29322204987114
5.8,4.00817809110351,5.80926817529835,0.791928236488843,4.60052350135478,5.34423745480467
5.84,4.04646768605938,5.84876583863314,0.793631143524981,4.64176272072426,5.39529024807917
5.88,4.08478467620964,5.88828914914414,0.795307179806702,4.68299863709223,5.44637956827951
5.92,4.12312843383815,5.92783690740492,0.796956936729281,4.7242307431562,5.49750457845087
5.96,4.16149834899292,5.96740796255758,0.798580990408899,4.76545856091318,5.54866446532389
6,4.19989382892381,6.00700121085182,0.800179902077451,4.80668164067854,5.59985843856508
6.04,4.23831429753855,6.046615594193,0.801754218470202,4.84789956011194,5.65108573005139
6.08,4.27675919487642,6.0862500987034,0.803304472206042,4.88911192325291,5.70234559316857
6.12,4.31522797659918,6.12590375329801,0.804831182160275,4.9303183595669,5.75363730213224
6.16,4.35372011349852,6.16557562827755,0.806334853829777,4.97151852300361,5.80496015133135
6.2,4.39223509101983,6.20526483394068,0.807815979690486,5.01271209106871,5.8563134546931
6.24,4.43077240880151,6.24497051921642,0.809275039547157,5.0538987639097,5.90769654506868
6.28,4.46933158022948,6.28469187031983,0.810712500875349,5.09507826341796,5.9591087736393
6.32,4.50791213200636,6.32442810943031,0.812128819155661,5.13625033234651,6.01054950934182
6.36,4.54651360373493,6.36417849339638,0.81352443820017,5.17741473344589,6.06201813831324
6.4,4.58513554751529,6.40394231246584,0.814899790471193,5.21857124861802,6.11351406335372
6.44,4.62377752755539,6.44371888904342,0.81625529739232,5.25971967808865,6.16503670340718
6.48,4.66243911979448,6.4835075764764,0.817591369651837,5.3008598395994,6.21658549305931
6.52,4.70111991153903,6.5233077578695,0.818908407498596,5.34199156762015,6.26815988205204
6.56,4.73981950111069,6.56311884492828,0.820206801030398,5.38311471258095,6.31975933481426
6.6,4.77853749750602,6.60294027683363,0.821486930474998,5.42422914012579,6.37138333000802
6.64,4.81727352006741,6.64277151914496,0.822749166463816,5.46533473038609,6.42303136008988
6.68,4.85602719816505,6.68261206273487,0.823993870298484,5.50643137727624,6.47470293088673
6.72,4.89479817088935,6.72246142275415,0.825221394210294,5.5475189878101,6.5263975611858
6.76,4.93358608675365,6.76231913762728,0.826432081612755,5.58859748143908,6.5781147823382
6.8,4.97239060340676,6.80218476807853,0.827626267347252,5.62966678941116,6.62985413787568
6.84,5.01121138735505,6.84205789618828,0.828804277922083,5.67072685415141,6.68161518314006
6.88,5.05004811369376,6.88193812448048,0.829966431744866,5.71177762866402,6.73339748492501
6.92,5.08890046584722,6.92182507503888,0.831113039348556,5.75281907595461,6.78520062112963
6.96,5.12776813531771,6.96171838865387,0.832244403611147,5.79385116847399,6.83702418042361
7,5.16665082144253,7.00161772399845,0.833360819969216,5.83487388758234,6.88886776192337
7.04,5.20554823115922,7.04152275683302,0.834462576625437,5.87588722303353,6.94073097487896
7.08,5.24446007877848,7.08143317923855,0.835549954750219,5.91689117247946,6.99261343837131
7.12,5.28338608576458,7.12134869887769,0.836623228677591,5.95788574099401,7.04451478101945
7.16,5.32232598052305,7.16126903828368,0.837682666095485,5.99887094061653,7.09643464069739
7.2,5.36127949819526,7.20119393417558,0.838728528230534,6.03984678991374,7.14837266426034
7.24,5.4002463804599,7.24112313679992,0.839761070027546,6.08081331356032,7.20032850727987
7.28,5.43922637534086,7.28105640929829,0.84078054032378,6.12177054193773,7.25230183378781
7.32,5.47821923702141,7.32099352709962,0.841787182018143,6.16271851075026,7.30429231602855
7.36,5.51722472566455,7.36093427733672,0.842781232235492,6.20365726065831,7.35629963421939
7.4,5.55624260723908,7.40087845828684,0.843762922486072,6.24458683692832,7.40832347631877
7.44,5.5952726533515,7.44082587883522,0.844732478820353,6.28550728909911,7.460363537802
7.48,5.63431464108326,7.48077635796079,0.845690121979267,6.32641867066348,7.51241952144434
7.52,5.67336835283333,7.5207297242435,0.846636067540061,6.36732103876516,7.56449113711111
7.56,5.71243357616589,7.56068581539348,0.847570526057842,6.40821445391111,7.61657810155452
7.6,5.7515101036629,7.60064447779928,0.848493703202938,6.44909897969687,7.6686801382172
7.64,5.79059773278147,7.64060556609686,0.849405799894226,6.48997468254678,7.72079697704197
7.68,5.8296962657158,7.68056894275722,0.850307012428497,6.53084163146699,7.77292835428773
7.72,5.86880550926352,7.72053447769188,0.851197532605997,6.57169989781086,7.82507401235136
7.76,5.90792527469638,7.7605020478775,0.852077547852275,6.61254955505802,7.87723369959517
7.8,5.94705537763499,7.80047153699545,0.852947241336389,6.65339067860329,7.92940717017999
7.84,5.98619563792765,7.84044283509022,0.85380679208564,6.69422334555922,7.98159418390354
7.88,6.0253458795329,7.88041583824186,0.854656375096888,6.7350476345679,8.03379450604386
7.92,6.0645059304059,7.92039044825417,0.855496161444591,6.77586362562385,8.08600790720786
7.96,6.10367562238837,7.96036657235765,0.85632631838562,6.81667139990698,8.1382341631845
8,6.14285479110199,8.00034412292736,0.857147009461001,6.85747103962609,8.19047305480266
