r,gap,radial,splitting
0,2,2,0
0.1,2.0014998767828,2.0019999714267,0.0005000946438356
0.2,2.0059980283874,2.0079995427352,0.0020015143478633
0.3,2.013490017556,2.0179976843252,0.0045076667691699
0.4,2.023968445495,2.031992677907,0.0080242324120228
0.5,2.0374229470183,2.0499821130632,0.012559166044825
0.6,2.0538401841323,2.0719628824221,0.018122698289783
0.7,2.0732038384445,2.0979311754336,0.024727336989091
0.8,2.0954946028945,2.1278824707304,0.032387867835872
0.9,2.1206901734178,2.161811527059,0.041121353641194
1,2.1487652412668,2.199712372757,0.05094713149023
1.1,2.1796914868321,2.2415782937547,0.061886806922577
1.2,2.2134375759179,2.2874018200717,0.073964244153785
1.3,2.2499691595398,2.3371747107799,0.087205551240105
1.4,2.2892488784216,2.3908879373992,0.10163905897757
1.5,2.3312363734674,2.4485316656906,0.11729529222316
1.6,2.3758883035759,2.510095235809,0.13420693223304
1.7,2.4231583722399,2.575567140775,0.15240876853508
1.8,2.4729973644302,2.6449350032246,0.17193763879433
1.9,2.5253531952949,2.7181855503919,0.19283235509698
2,2.5801709722071,2.7953045872818,0.21513361507474
2.1,2.6373930716606,2.8762769679861,0.2388838963256
2.2,2.6969592324356,2.9610865650977,0.26412733266202
2.3,2.7588066663361,3.049716237178,0.29090957084197
2.4,2.8228701876213,3.1421477942355,0.31927760661417
2.5,2.8890823620286,3.238361961171,0.34927959914236
2.6,2.957373675991,3.3383383391553,0.38096466316438
2.7,3.0276727263111,3.4420553649033,0.41438263859216
2.8,3.0999064301545,3.549490267818,0.4495838376635
2.9,3.1740002547742,3.6606190249855,0.48661877021134
3,3.2498784658979,3.775416314009,0.52553784811114
3.1,3.3274643931944,3.8938554636848,0.5663910704904
3.2,3.4066807107169,4.0159084025339,0.60922769181703
3.3,3.4874497297092,4.141545605223,0.65409587551378
3.4,3.5696937006825,4.2707360369254,0.7010423362429
3.5,3.653335121239,4.403447095696,0.75011197445701
3.6,3.7382970457717,4.5396445529649,0.80134750719322
3.7,3.8245033929075,4.679292492279,0.85478909937151
3.8,3.9118792464204,4.822353246463,0.91047400004257
3.9,4.0003511453204,4.9687873334082,0.96843618808785
4,4.089847358938,5.1185533907436,1.0287060318056
4.1,4.1802981430754,5.2716081096985,1.0913099666231
4.2,4.2716359736637,5.427906168522,1.1562701948583
4.3,4.3637957548619,5.5874001658867,1.2236044110248
4.4,4.456714999112,5.7500405547846,1.2933255556726
4.5,4.5503339773222,5.915775577486,1.3654416001638
4.6,4.6445958380466,6.0845512022351,1.4399553641885
4.7,4.7394466952435,6.2563110624304,1.5168643671869
4.8,4.8348356848878,6.4309963991479,1.5961607142601
4.9,4.9307149913703,6.6085460079621,1.6778310165918
5,5.0270398452042,6.7888961911209,1.7618563459167
5.1,5.1237684940633,6.9719807162548,1.8482122221915
5.2,5.2208621495856,7.157730782886,1.9368686333004
5.3,5.3182849126786,7.3460749981437,2.0277900854651
5.4,5.4160036802606,7.5369393631562,2.1209356828956
5.5,5.5139880364686,7.730247271697,2.2162592352284
5.6,5.6122101313654,7.925919522777,2.3137093914116
5.7,5.7106445500963,8.1238743488091,2.4132297987128
5.8,5.8092681752984,8.3240274612231,2.5147592859248
5.9,5.9080600453555,8.5262921151932,2.6182320698376
6,6.0070012108518,8.7305791951659,2.7235779843141
6.1,6.1060745913,8.9367973229239,2.8307227316238
6.2,6.2052648339407,9.144852989586,2.9395881556453
6.3,6.3045581761186,9.3546507128995,3.0500925367808
6.4,6.4039423124658,9.5660932208697,3.1621509084038
6.5,6.5034062678533,9.7790816624709,3.2756753946176
6.6,6.6029402768336,9.9935158455925,3.3905755687589
6.7,6.7025356700732,10.209294502682,3.5067588326089
6.8,6.8021847680785,10.426315582631,3.624130814552
6.9,6.9018807823555,10.644476567607,3.7425957852516
7,7.0016177239985,10.863674815283,3.8620570912847
7.1,7.101390319586,11.083807919374,3.9824175997878
7.2,7.2011939341756,11.304774090808,4.1035801566327
7.3,7.301024501108,11.5264725502,4.2254480490925
7.4,7.4008784582868,11.748803932721,4.3479254744341
7.5,7.5007526905592,11.971670694803,4.470918004244
7.6,7.6006444777993,12.194977522388,4.5943330445883
7.7,7.7005514482904,12.418631730943,4.7180802826526
7.8,7.8004715369955,12.642543652606,4.8420721156105
7.9,7.9004029483123,12.866627006145,4.9662240578324
8,8.0003441229274,13.090799240527,5.0904551176
