angle_deg,real_plus,real_minus,imag_abs,discriminant
0,18.7713369695432,0.317778050651071,0,340.533836773022
0.5,18.7705978130421,0.317790352144533,0,340.506103188956
1,18.7683803938655,0.317827261650931,0,340.422910884674
1.5,18.7646848629847,0.317888794253417,0,340.28428520136
2,18.759511471987,0.317974975107543,0,340.090268365738
2.5,18.7528605730299,0.318085839466736,0,339.840919477217
3,18.7447326187751,0.318221432718063,0,339.536314489884
3.5,18.7351281623051,0.318381810428304,0,339.176546189368
4,18.7240478570202,0.318567038400447,0,338.761724164578
4.5,18.7114924565163,0.318777192740731,0,338.291974774324
5,18.6974628144447,0.319012359936336,0,337.767441108818
5.5,18.6819598843513,0.319272636943907,0,337.188282946096
6,18.6649847194975,0.319558131289034,0,336.554676703347
6.5,18.6465384726613,0.319868961176955,0,335.866815383168
7,18.6266223959177,0.320205255614638,0,335.124908514782
7.5,18.6052378404007,0.320567154544516,0,334.329182090208
8,18.5823862560433,0.320954808990139,0,333.479878495423
8.5,18.5580691912983,0.321368381214032,0,332.577256436529
9,18.5322882928373,0.321808044888067,0,331.621590860949
9.5,18.5050453052289,0.322273985276741,0,330.613172873676
10,18.4763420705954,0.322766399433648,0,329.552309648597
10.5,18.4461805282471,0.323285496411648,0,328.439324334928
11,18.4145627142947,0.323831497487106,0,327.274555958776
11.5,18.3814907612382,0.324404636398683,0,326.058359319872
12,18.3469668975335,0.325005159601195,0,324.791104883494
12.5,18.3109934471337,0.325633326535067,0,323.47317866762
13,18.2735728290075,0.326289409911958,0,322.104982125342
13.5,18.2347075566312,0.326973696017184,0,320.686932022581
14,18.1944002374558,0.327686485029609,0,319.219460311135
14.5,18.1526535723477,0.32842809135966,0,317.703013997103
15,18.1094703550019,0.329198844006285,0,316.138055004722
15.5,18.0648534713277,0.329999086933608,0,314.525060035662
16,18.0188058988054,0.330829179468157,0,312.864520423816
16.5,17.9713307058135,0.331689496717576,0,311.156941985635
17,17.9224310509254,0.332580430011795,0,309.402844866054
17.5,17.8721101821742,0.333502387367673,0,307.602763380047
18,17.8203714362851,0.334455793978274,0,305.757245849872
18.5,17.7672182378743,0.335441092727882,0,303.866854438048
19,17.7126540986115,0.336458744734079,0,301.932164976111
19.5,17.6566826163478,0.337509229918172,0,299.953766789213
20,17.5993074742046,0.338593047605425,0,297.932262516607
20.5,17.5405324396232,0.339710717156633,0,295.868267928077
21,17.4803613633745,0.340862778632602,0,293.762411736369
21.5,17.4187981785249,0.342049793493343,0,291.615335405678
22,17.3558468993587,0.343272345333775,0,289.427692956256
22.5,17.2915116202533,0.344531040657937,0,287.200150765182
23,17.2257965145069,0.345826509693802,0,284.933387363389
23.5,17.1587058331145,0.347159407250972,0,282.628093228966
24,17.090243903492,0.34853041362363,0,280.284970576839
24.5,17.0204151281431,0.349940235541338,0,277.904733144867
25,16.9492239832699,0.351389607170455,0,275.488105976427
25.5,16.8766750173201,0.352879291169085,0,273.035825199568
26,16.8027728494718,0.354410079798749,0,270.548637802768
26.5,16.727522168049,0.355982796096143,0,268.027301407403
27,16.6509277288666,0.357598295108629,0,265.472584036964
27.5,16.5729943535001,0.359257465197317,0,262.88526388311
28,16.4937269274757,0.360961229411952,0,260.266129068624
28.5,16.4131303983772,0.362710546942088,0,257.615977407341
29,16.3312097738632,0.36450641464932,0,254.935616161132
29.5,16.2479701195921,0.366349868685834,0,252.225861793997
30,16.1634165570465,0.368241986204796,0,249.487539723365
30.5,16.0775542612531,0.370183887168603,0,246.721484068667
31,15.9903884583906,0.37217673626149,0,243.92853739725
31.5,15.9019244232792,0.374221744913434,0,241.109550467726
32,15.8121674767438,0.376320173442922,0,238.265381970822
32.5,15.7211229828434,0.3784733333267,0,235.396898267815
33,15.6287963459565,0.380682589605307,0,232.504973126627
33.5,15.5351930077155,0.382949363433902,0,229.590487455672
34,15.4403184437771,0.385275134788678,0,226.654329035518
34.5,15.3441781604199,0.387661445340038,0,223.697392248464
35,15.2467776909552,0.390109901504621,0,220.720577806098
35.5,15.1481225919395,0.39262217768932,0,217.724792474938
36,15.0482184391736,0.395200019741575,0,214.710948800215
36.5,14.9470708234728,0.397845248621463,0,211.67996482791
37,14.8446853461918,0.400559764312469,0,208.632763825101
37.5,14.7410676144853,0.403345549989385,0,205.570273998733
38,14.6362232362853,0.406204676463397,0,202.493428212875
38.5,14.5301578149716,0.409139306926321,0,199.403163704558
39,14.4228769437136,0.412151702017944,0,196.300421798288
39.5,14.3143861994549,0.415244225242733,0,193.186147619307
40,14.2046911365142,0.418419348764659,0,190.061289805698
40.5,14.0937972797692,0.421679659611665,0,186.926800219422
41,13.9817101173906,0.425027866324431,0,183.783633656372
41.5,13.8684350930862,0.428466806087514,0,180.632747555531
42,13.7539775978154,0.431999452384793,0,177.47510170733
42.5,13.6383429609255,0.435628923225459,0,174.311657961281
43,13.5215364406616,0.439358489991583,0,171.143379932996
43.5,13.4035632139909,0.443191586963668,0,167.971232710654
44,13.2844283656814,0.447131821586668,0,164.796182561027
44.5,13.1641368765637,0.451182985545715,0,161.619196635148
45,13.0426936109009,0.455349066728441,0,158.441242673708
45.5,12.9201033027801,0.459634262159433,0,155.263288712267
46,12.7963705414304,0.464042992002087,0,152.086302786389
46.5,12.6714997553609,0.468579914734162,0,148.911252636762
47,12.545495195201,0.473249943615884,0,145.739105414419
47.5,12.4183609151086,0.478058264583626,0,142.570827386134
48,12.2901007525981,0.483010355718493,0,139.407383640086
48.5,12.1607183066193,0.48811200845758,0,136.249737791884
49,12.0302169136998,0.493369350736906,0,133.098851691044
49.5,11.8985996219362,0.498788872279308,0,129.955685127994
50,11.7658691625935,0.504377452268555,0,126.821195541718
50.5,11.6320279190396,0.510142389683111,0,123.696337728109
51,11.4970778927037,0.516091436600258,0,120.582063549127
51.5,11.3610206657056,0.522232834824391,0,117.479321642858
52,11.2238573597505,0.528575356243483,0,114.389057134541
52.5,11.0855885908291,0.535128347376139,0,111.312211348682
53,10.9462144191903,0.541901778640007,0,108.249721522315
53.5,10.8057342939764,0.548906298952465,0,105.202520519506
54,10.6641469918161,0.556153296368854,0,102.1715365472
54.5,10.521450548558,0.563654965574893,0,99.1576928724779
55,10.3776421831963,0.571424383181966,0,96.1619075413175
55.5,10.2327182128824,0.579475591931082,0,93.1850930989519
56,10.0866739577306,0.587823695098909,0,90.2281563118972
56.5,9.93950363389673,0.596484962624403,0,87.2919978917434
57,9.79120023314372,0.605476950745733,0,84.3775122207884
57.5,9.64175538677244,0.614818637265396,0,81.4855870796009
58,9.49115921140374,0.624530574960611,0,78.6171033765934
58.5,9.33940013360509,0.634635066144067,0,75.7729348796897
59,9.1864646897576,0.645156361979839,0,72.9539479501658
59.5,9.03233729681736,0.656120890900615,0,70.1610012787488
60,8.87699998870288,0.667557521394238,0,67.3949456240507
60.5,8.72043211188738,0.679497865581233,0,64.6566235534191
61,8.56260997232035,0.691976631458669,0,61.9468691862835
61.5,8.40350642395843,0.705032033530527,0,59.2665079400742
62,8.24309038682608,0.718706273904137,0,56.6163562787921
62.5,8.08132627948421,0.733046108974542,0,53.9972214643056
63,7.91817334682749,0.748103520776183,0,51.4099013104515
63.5,7.75358485893406,0.76393651727821,0,48.8551839400124
64,7.5875071497975,0.780610092793651,0,46.3338475446477
64.5,7.41987845552475,0.798197388918776,0,43.846660147848
65,7.25062749903528,0.816781108967489,0,41.3943793709883
65.5,7.07967175104546,0.836455256116814,0,38.9777522025491
66,6.90691527307018,0.857327289531457,0,36.5975147705762
66.5,6.7322460141215,0.879520826787889,0,34.2543921184492
67,6.55553238375105,0.903179069950992,0,31.9490979840265
67.5,6.37661885215111,0.928469204588815,0,29.6823345822332
68,6.19532022029193,0.955588128747555,0,27.45479239116
68.5,6.01141403793092,0.984770034051478,0,25.2671499417372
69,5.8246303875118,1.0162966209096,0,23.1200736110469
69.5,5.6346378309488,1.05051115083419,0,21.0142174193387
70,5.44102361058649,1.08783824458052,0,18.9502228308085
70.5,5.24326496560663,1.12881256483661,0,16.9287185582022
71,5.0406861809113,1.17412176643373,0,14.9503203713042
71.5,4.83239166198257,1.22467342057745,0,13.0156309093672
72,4.61715643342803,1.28170451539005,0,11.1252394975432
72.5,4.39323560081951,1.34697199315703,0,9.27972196736885
73,4.15800511951587,1.42311198058672,0,7.47964048136176
73.5,3.90720617426566,1.51439540828764,0,5.72554336178031
74,3.63307969422825,1.62859349482466,0,4.01796492359944
74.5,3.318367515007,1.78297658376077,0,2.35742531175318
75,2.90171514486856,2.0389113765103,0,0.744430342693217
75.5,2.38976634807597,2.38976634807597,0.452915182370649,-0.820528649687354
76,2.30903744550274,2.30903744550274,0.764358385137404,-2.33697496371944
76.5,2.22813270078824,2.22813270078824,0.975249541805269,-3.80444667516555
77,2.147058275142,2.147058275142,1.1426391357212,-5.22249677792675
77.5,2.06582034269544,2.06582034269544,1.2836172833252,-6.59069332020471
78,1.98442509003164,1.98442509003164,1.40611339657215,-7.90861953607865
78.5,1.90287871571421,1.90287871571421,1.51458525448852,-9.17587397245623
79,1.82118742981529,1.82118742981529,1.61183673268727,-10.3920706113599
79.5,1.73935745344257,1.73935745344257,1.69976755672003,-11.5568389875119
80,1.65739501826558,1.65739501826558,1.77973483286005,-12.6698243011815
80.5,1.57530636604108,1.57530636604108,1.85274711754333,-13.7306875262604
81,1.49309774813776,1.49309774813776,1.91957713530438,-14.7391055135335
81.5,1.41077542506016,1.41077542506016,1.98083133362694,-15.6947710891131
82,1.3283456659719,1.3283456659719,2.03699491580164,-16.597393148007
82.5,1.24581474821828,1.24581474821828,2.08846215807184,-17.4466967427923
83,1.16318895684821,1.16318895684821,2.13555748970653,-18.2424231673666
83.5,1.0804745841356,1.0804745841356,2.17855055230264,-18.9843300357526
84,0.997677929100193,0.997677929100193,2.21766720654448,-19.6721913559312
84.5,0.914805297027815,0.914805297027815,2.25309773415851,-20.3057975986808
85,0.831862998990253,0.831862998990253,2.28500305040289,-20.884955761402
85.5,0.748857351364632,0.748857351364632,2.31351947403236,-21.4094894269079
86,0.665794675352383,0.665794675352383,2.33876243006653,-21.8792388171629
86.5,0.582681296497879,0.582681296497879,2.36082934802327,-22.2940608419519
87,0.499523544206705,0.499523544206705,2.37980194251895,-22.6538291424679
87.5,0.416327751263653,0.416327751263653,2.39574801105007,-22.9584341298014
88,0.333100253350466,0.333100253350466,2.40872284719114,-23.2077830183224
88.5,0.249847388563335,0.249847388563335,2.41877034120356,-23.4017998539439
89,0.166575496930243,0.166575496930243,2.42592382079789,-23.5404255372585
89.5,0.0832909199281337,0.0832909199281337,2.43020667030296,-23.6236178415399
90,5.84435590200913e-16,5.84435590200913e-16,2.43163275524937,-23.6513514256065
